date,model,cost_bps,portfolio,gross_return,net_return,turnover
2016-01-29,ridge,0,long_only,0.013002511550003785,0.013002511550003785,1.0
2016-02-29,ridge,0,long_only,0.06339568583439832,0.06339568583439832,1.3395061728395061
2016-03-31,ridge,0,long_only,0.046198104274537445,0.046198104274537445,1.3333333333333333
2016-04-29,ridge,0,long_only,-0.013929267912204212,-0.013929267912204212,1.2578616352201257
2016-05-31,ridge,0,long_only,-0.017336102213566938,-0.017336102213566938,1.3831775700934579
2016-06-30,ridge,0,long_only,0.04462679121117938,0.04462679121117938,1.2530120481927711
2016-07-29,ridge,0,long_only,0.047652055991496606,0.047652055991496606,1.2951807228915664
2016-08-31,ridge,0,long_only,0.04061159421065939,0.04061159421065939,1.2755417956656347
2016-09-30,ridge,0,long_only,-0.056105329005418834,-0.056105329005418834,1.2576687116564418
2016-10-31,ridge,0,long_only,0.10930275371645302,0.10930275371645302,1.343558282208589
2016-11-30,ridge,0,long_only,0.013322054699924729,0.013322054699924729,1.341317365269461
2016-12-30,ridge,0,long_only,0.00854114391418737,0.00854114391418737,1.2339181286549707
2017-01-31,ridge,0,long_only,0.0210859016684908,0.0210859016684908,1.152046783625731
2017-02-28,ridge,0,long_only,-0.02669080879958962,-0.02669080879958962,1.3532934131736527
2017-03-31,ridge,0,long_only,0.02616746983199271,0.02616746983199271,1.3293413173652695
2017-04-28,ridge,0,long_only,-0.031807647454672225,-0.031807647454672225,1.4431137724550898
2017-05-31,ridge,0,long_only,0.03323810839389056,0.03323810839389056,1.3981762917933132
2017-06-30,ridge,0,long_only,1.2505582304573432e-05,1.2505582304573432e-05,1.2979351032448379
2017-07-31,ridge,0,long_only,-0.006596150864089539,-0.006596150864089539,1.345132743362832
2017-08-31,ridge,0,long_only,0.059539505465012695,0.059539505465012695,1.3742331288343559
2017-09-29,ridge,0,long_only,-0.030757927488690315,-0.030757927488690315,1.2048192771084338
2017-10-31,ridge,0,long_only,0.018031278520878834,0.018031278520878834,1.3433734939759037
2017-11-30,ridge,0,long_only,0.029276761676316737,0.029276761676316737,1.4131736526946108
2017-12-29,ridge,0,long_only,0.022859701154393064,0.022859701154393064,1.2347826086956522
2018-01-31,ridge,0,long_only,-0.030299881082414618,-0.030299881082414618,1.1942028985507247
2018-02-28,ridge,0,long_only,0.00651474669672744,0.00651474669672744,1.0988372093023255
2018-03-29,ridge,0,long_only,0.04891697220520472,0.04891697220520472,1.128654970760234
2018-04-30,ridge,0,long_only,0.06420225119047553,0.06420225119047553,0.9554896142433235
2018-05-31,ridge,0,long_only,-0.009301854740084662,-0.009301854740084662,1.2119402985074628
2018-06-29,ridge,0,long_only,0.007354425802740363,0.007354425802740363,1.0804597701149425
2018-07-31,ridge,0,long_only,0.0396939056867687,0.0396939056867687,1.045977011494253
2018-08-31,ridge,0,long_only,-0.04621974836607204,-0.04621974836607204,1.1497005988023952
2018-09-28,ridge,0,long_only,-0.13620716375685216,-0.13620716375685216,1.017751479289941
2018-10-31,ridge,0,long_only,-0.020261068021589924,-0.020261068021589924,1.1597633136094674
2018-11-30,ridge,0,long_only,-0.15848487149424034,-0.15848487149424034,1.3154761904761905
2018-12-31,ridge,0,long_only,0.12820346347897518,0.12820346347897518,1.1771771771771773
2019-01-31,ridge,0,long_only,0.04530697227589128,0.04530697227589128,1.2612612612612613
2019-02-28,ridge,0,long_only,-0.02272925140357348,-0.02272925140357348,1.0892307692307692
2019-03-29,ridge,0,long_only,0.011574760125450148,0.011574760125450148,1.2242424242424241
2019-04-30,ridge,0,long_only,-0.07182635730283395,-0.07182635730283395,1.1636363636363636
2019-05-31,ridge,0,long_only,0.09639654852173803,0.09639654852173803,1.1138461538461537
2019-06-28,ridge,0,long_only,0.006839044728982489,0.006839044728982489,1.2035928143712575
2019-07-31,ridge,0,long_only,-0.05316619049171722,-0.05316619049171722,1.0179640718562875
2019-08-30,ridge,0,long_only,0.004127362802619545,0.004127362802619545,1.2507739938080495
2019-09-30,ridge,0,long_only,0.06185738004303094,0.06185738004303094,1.1083591331269351
2019-10-31,ridge,0,long_only,0.016498732564198072,0.016498732564198072,1.108359133126935
2019-11-29,ridge,0,long_only,0.053683697539261166,0.053683697539261166,1.14375
2019-12-31,ridge,0,long_only,-0.0354963373975776,-0.0354963373975776,1.1701492537313434
2020-01-31,ridge,0,long_only,-0.11853705667557422,-0.11853705667557422,1.1044776119402986
2020-03-31,ridge,0,long_only,0.391948128956874,0.391948128956874,1.532934131736527
2020-04-30,ridge,0,long_only,0.12233610481768739,0.12233610481768739,1.5757575757575757
2020-05-29,ridge,0,long_only,0.026916229209264578,0.026916229209264578,1.1728395061728396
2020-06-30,ridge,0,long_only,0.05824351122933811,0.05824351122933811,1.0650887573964498
2020-07-31,ridge,0,long_only,0.057074877415142146,0.057074877415142146,1.136094674556213
2020-08-31,ridge,0,long_only,-0.05265702540523014,-0.05265702540523014,1.1676646706586826
2020-09-30,ridge,0,long_only,9.355246520866201e-05,9.355246520866201e-05,1.029940119760479
2020-10-30,ridge,0,long_only,0.20780696958992334,0.20780696958992334,1.039274924471299
2020-11-30,ridge,0,long_only,0.0966747401425121,0.0966747401425121,1.1253644314868805
2020-12-31,ridge,0,long_only,0.13603465731580924,0.13603465731580924,1.075208913649025
2021-01-29,ridge,0,long_only,0.09370332861297538,0.09370332861297538,1.075268817204301
2021-02-26,ridge,0,long_only,-0.050102730773485385,-0.050102730773485385,1.0
2021-03-31,ridge,0,long_only,-0.004951759933702437,-0.004951759933702437,1.1369509043927648
2021-04-30,ridge,0,long_only,0.027043463964695084,0.027043463964695084,1.0801033591731266
2021-05-28,ridge,0,long_only,0.00901917445607627,0.00901917445607627,1.245382585751979
2021-06-30,ridge,0,long_only,-0.05324995250466372,-0.05324995250466372,1.0723192019950125
2021-07-30,ridge,0,long_only,-0.0009588384940037167,-0.0009588384940037167,1.14214463840399
2021-08-31,ridge,0,long_only,-0.04950761897685985,-0.04950761897685985,1.101063829787234
2021-09-30,ridge,0,long_only,0.022837230566931453,0.022837230566931453,0.9368421052631579
2021-10-29,ridge,0,long_only,-0.0853540116935664,-0.0853540116935664,1.0263157894736843
2021-11-30,ridge,0,long_only,0.01665736980881015,0.01665736980881015,1.0551181102362204
2021-12-31,ridge,0,long_only,-0.11527853012171423,-0.11527853012171423,0.953125
2022-01-31,ridge,0,long_only,-0.03996559631953024,-0.03996559631953024,1.203125
2022-02-28,ridge,0,long_only,0.06636021168240291,0.06636021168240291,1.1338582677165354
2022-03-31,ridge,0,long_only,-0.0925734824832247,-0.0925734824832247,1.2408376963350787
2022-04-29,ridge,0,long_only,-0.07889113365400756,-0.07889113365400756,1.3089005235602094
2022-05-31,ridge,0,long_only,-0.07570192178276376,-0.07570192178276376,1.2398921832884098
2022-06-30,ridge,0,long_only,0.0988962316726702,0.0988962316726702,1.2129380053908356
2022-07-29,ridge,0,long_only,0.005663786468659207,0.005663786468659207,1.3131868131868132
2022-08-31,ridge,0,long_only,-0.09775958037406016,-0.09775958037406016,1.1161473087818696
2022-09-30,ridge,0,long_only,0.0417834264565354,0.0417834264565354,1.0311614730878187
2022-10-31,ridge,0,long_only,0.01278249180271535,0.01278249180271535,1.0712250712250713
2022-11-30,ridge,0,long_only,-0.06530240039717572,-0.06530240039717572,1.1704545454545454
2022-12-30,ridge,0,long_only,0.1953098444474443,0.1953098444474443,1.1988795518207283
2023-01-31,ridge,0,long_only,-0.060644666828808966,-0.060644666828808966,1.2349726775956285
2023-02-28,ridge,0,long_only,-0.04656522086780272,-0.04656522086780272,0.907103825136612
2023-03-31,ridge,0,long_only,-0.06366588207350336,-0.06366588207350336,1.0225988700564972
2023-04-28,ridge,0,long_only,0.04248891525628677,0.04248891525628677,0.9712643678160919
2023-05-31,ridge,0,long_only,0.07289522154088034,0.07289522154088034,1.0411764705882354
2023-06-30,ridge,0,long_only,0.0806196227179834,0.0806196227179834,0.9235127478753541
2023-07-31,ridge,0,long_only,-0.0706584771155603,-0.0706584771155603,0.9858356940509915
2023-08-31,ridge,0,long_only,-0.13238731255889946,-0.13238731255889946,1.0935672514619883
2023-09-29,ridge,0,long_only,-0.12147390753793796,-0.12147390753793796,0.8902077151335311
2023-10-31,ridge,0,long_only,0.13520897545111463,0.13520897545111463,0.9240121580547113
2016-01-29,ridge,5,long_only,0.013002511550003785,0.012502511550003785,1.0
2016-02-29,ridge,5,long_only,0.06339568583439832,0.06272593274797857,1.3395061728395061
2016-03-31,ridge,5,long_only,0.046198104274537445,0.045531437607870776,1.3333333333333333
2016-04-29,ridge,5,long_only,-0.013929267912204212,-0.014558198729814275,1.2578616352201257
2016-05-31,ridge,5,long_only,-0.017336102213566938,-0.018027690998613666,1.3831775700934579
2016-06-30,ridge,5,long_only,0.04462679121117938,0.044000285187082995,1.2530120481927711
2016-07-29,ridge,5,long_only,0.047652055991496606,0.04700446563005082,1.2951807228915664
2016-08-31,ridge,5,long_only,0.04061159421065939,0.03997382331282657,1.2755417956656347
2016-09-30,ridge,5,long_only,-0.056105329005418834,-0.05673416336124706,1.2576687116564418
2016-10-31,ridge,5,long_only,0.10930275371645302,0.10863097457534873,1.343558282208589
2016-11-30,ridge,5,long_only,0.013322054699924729,0.012651396017289998,1.341317365269461
2016-12-30,ridge,5,long_only,0.00854114391418737,0.007924184849859885,1.2339181286549707
2017-01-31,ridge,5,long_only,0.0210859016684908,0.020509878276677936,1.152046783625731
2017-02-28,ridge,5,long_only,-0.02669080879958962,-0.027367455506176447,1.3532934131736527
2017-03-31,ridge,5,long_only,0.02616746983199271,0.025502799173310074,1.3293413173652695
2017-04-28,ridge,5,long_only,-0.031807647454672225,-0.03252920434089977,1.4431137724550898
2017-05-31,ridge,5,long_only,0.03323810839389056,0.032539020247993905,1.3981762917933132
2017-06-30,ridge,5,long_only,1.2505582304573432e-05,-0.0006364619693178454,1.2979351032448379
2017-07-31,ridge,5,long_only,-0.006596150864089539,-0.007268717235770955,1.345132743362832
2017-08-31,ridge,5,long_only,0.059539505465012695,0.05885238890059551,1.3742331288343559
2017-09-29,ridge,5,long_only,-0.030757927488690315,-0.03136033712724453,1.2048192771084338
2017-10-31,ridge,5,long_only,0.018031278520878834,0.017359591773890883,1.3433734939759037
2017-11-30,ridge,5,long_only,0.029276761676316737,0.028570174849969432,1.4131736526946108
2017-12-29,ridge,5,long_only,0.022859701154393064,0.022242309850045237,1.2347826086956522
2018-01-31,ridge,5,long_only,-0.030299881082414618,-0.03089698253168998,1.1942028985507247
2018-02-28,ridge,5,long_only,0.00651474669672744,0.005965328092076277,1.0988372093023255
2018-03-29,ridge,5,long_only,0.04891697220520472,0.0483526447198246,1.128654970760234
2018-04-30,ridge,5,long_only,0.06420225119047553,0.06372450638335386,0.9554896142433235
2018-05-31,ridge,5,long_only,-0.009301854740084662,-0.009907824889338394,1.2119402985074628
2018-06-29,ridge,5,long_only,0.007354425802740363,0.006814195917682892,1.0804597701149425
2018-07-31,ridge,5,long_only,0.0396939056867687,0.03917091718102157,1.045977011494253
2018-08-31,ridge,5,long_only,-0.04621974836607204,-0.04679459866547324,1.1497005988023952
2018-09-28,ridge,5,long_only,-0.13620716375685216,-0.13671603949649713,1.017751479289941
2018-10-31,ridge,5,long_only,-0.020261068021589924,-0.020840949678394657,1.1597633136094674
2018-11-30,ridge,5,long_only,-0.15848487149424034,-0.15914260958947843,1.3154761904761905
2018-12-31,ridge,5,long_only,0.12820346347897518,0.1276148748903866,1.1771771771771773
2019-01-31,ridge,5,long_only,0.04530697227589128,0.04467634164526065,1.2612612612612613
2019-02-28,ridge,5,long_only,-0.02272925140357348,-0.023273866788188862,1.0892307692307692
2019-03-29,ridge,5,long_only,0.011574760125450148,0.010962638913328937,1.2242424242424241
2019-04-30,ridge,5,long_only,-0.07182635730283395,-0.07240817548465213,1.1636363636363636
2019-05-31,ridge,5,long_only,0.09639654852173803,0.09583962544481495,1.1138461538461537
2019-06-28,ridge,5,long_only,0.006839044728982489,0.00623724832179686,1.2035928143712575
2019-07-31,ridge,5,long_only,-0.05316619049171722,-0.05367517252764536,1.0179640718562875
2019-08-30,ridge,5,long_only,0.004127362802619545,0.0035019758057155204,1.2507739938080495
2019-09-30,ridge,5,long_only,0.06185738004303094,0.06130320047646748,1.1083591331269351
2019-10-31,ridge,5,long_only,0.016498732564198072,0.015944552997634604,1.108359133126935
2019-11-29,ridge,5,long_only,0.053683697539261166,0.053111822539261166,1.14375
2019-12-31,ridge,5,long_only,-0.0354963373975776,-0.03608141202444327,1.1701492537313434
2020-01-31,ridge,5,long_only,-0.11853705667557422,-0.11908929548154437,1.1044776119402986
2020-03-31,ridge,5,long_only,0.391948128956874,0.3911816618910057,1.532934131736527
2020-04-30,ridge,5,long_only,0.12233610481768739,0.12154822602980861,1.5757575757575757
2020-05-29,ridge,5,long_only,0.026916229209264578,0.026329809456178157,1.1728395061728396
2020-06-30,ridge,5,long_only,0.05824351122933811,0.05771096685063988,1.0650887573964498
2020-07-31,ridge,5,long_only,0.057074877415142146,0.05650683007786404,1.136094674556213
2020-08-31,ridge,5,long_only,-0.05265702540523014,-0.05324085774055948,1.1676646706586826
2020-09-30,ridge,5,long_only,9.355246520866201e-05,-0.00042141759467157744,1.029940119760479
2020-10-30,ridge,5,long_only,0.20780696958992334,0.20728733212768768,1.039274924471299
2020-11-30,ridge,5,long_only,0.0966747401425121,0.09611205792676865,1.1253644314868805
2020-12-31,ridge,5,long_only,0.13603465731580924,0.13549705285898472,1.075208913649025
2021-01-29,ridge,5,long_only,0.09370332861297538,0.09316569420437323,1.075268817204301
2021-02-26,ridge,5,long_only,-0.050102730773485385,-0.050602730773485385,1.0
2021-03-31,ridge,5,long_only,-0.004951759933702437,-0.005520235385898819,1.1369509043927648
2021-04-30,ridge,5,long_only,0.027043463964695084,0.02650341228510852,1.0801033591731266
2021-05-28,ridge,5,long_only,0.00901917445607627,0.008396483163200281,1.245382585751979
2021-06-30,ridge,5,long_only,-0.05324995250466372,-0.05378611210566122,1.0723192019950125
2021-07-30,ridge,5,long_only,-0.0009588384940037167,-0.0015299108132057117,1.14214463840399
2021-08-31,ridge,5,long_only,-0.04950761897685985,-0.05005815089175347,1.101063829787234
2021-09-30,ridge,5,long_only,0.022837230566931453,0.022368809514299873,0.9368421052631579
2021-10-29,ridge,5,long_only,-0.0853540116935664,-0.08586716958830325,1.0263157894736843
2021-11-30,ridge,5,long_only,0.01665736980881015,0.016129810753692037,1.0551181102362204
2021-12-31,ridge,5,long_only,-0.11527853012171423,-0.11575509262171423,0.953125
2022-01-31,ridge,5,long_only,-0.03996559631953024,-0.04056715881953024,1.203125
2022-02-28,ridge,5,long_only,0.06636021168240291,0.06579328254854465,1.1338582677165354
2022-03-31,ridge,5,long_only,-0.0925734824832247,-0.09319390133139223,1.2408376963350787
2022-04-29,ridge,5,long_only,-0.07889113365400756,-0.07954558391578766,1.3089005235602094
2022-05-31,ridge,5,long_only,-0.07570192178276376,-0.07632186787440796,1.2398921832884098
2022-06-30,ridge,5,long_only,0.0988962316726702,0.09828976266997479,1.2129380053908356
2022-07-29,ridge,5,long_only,0.005663786468659207,0.0050071930620658,1.3131868131868132
2022-08-31,ridge,5,long_only,-0.09775958037406016,-0.09831765402845109,1.1161473087818696
2022-09-30,ridge,5,long_only,0.0417834264565354,0.04126784571999149,1.0311614730878187
2022-10-31,ridge,5,long_only,0.01278249180271535,0.012246879267102814,1.0712250712250713
2022-11-30,ridge,5,long_only,-0.06530240039717572,-0.065887627669903,1.1704545454545454
2022-12-30,ridge,5,long_only,0.1953098444474443,0.19471040467153392,1.1988795518207283
2023-01-31,ridge,5,long_only,-0.060644666828808966,-0.06126215316760678,1.2349726775956285
2023-02-28,ridge,5,long_only,-0.04656522086780272,-0.04701877278037103,0.907103825136612
2023-03-31,ridge,5,long_only,-0.06366588207350336,-0.0641771815085316,1.0225988700564972
2023-04-28,ridge,5,long_only,0.04248891525628677,0.04200328307237872,0.9712643678160919
2023-05-31,ridge,5,long_only,0.07289522154088034,0.07237463330558622,1.0411764705882354
2023-06-30,ridge,5,long_only,0.0806196227179834,0.08015786634404572,0.9235127478753541
2023-07-31,ridge,5,long_only,-0.0706584771155603,-0.0711513949625858,0.9858356940509915
2023-08-31,ridge,5,long_only,-0.13238731255889946,-0.13293409618463045,1.0935672514619883
2023-09-29,ridge,5,long_only,-0.12147390753793796,-0.12191901139550473,0.8902077151335311
2023-10-31,ridge,5,long_only,0.13520897545111463,0.13474696937208727,0.9240121580547113
2016-01-29,ridge,10,long_only,0.013002511550003785,0.012002511550003786,1.0
2016-02-29,ridge,10,long_only,0.06339568583439832,0.06205617966155882,1.3395061728395061
2016-03-31,ridge,10,long_only,0.046198104274537445,0.04486477094120411,1.3333333333333333
2016-04-29,ridge,10,long_only,-0.013929267912204212,-0.015187129547424337,1.2578616352201257
2016-05-31,ridge,10,long_only,-0.017336102213566938,-0.018719279783660395,1.3831775700934579
2016-06-30,ridge,10,long_only,0.04462679121117938,0.043373779162986605,1.2530120481927711
2016-07-29,ridge,10,long_only,0.047652055991496606,0.04635687526860504,1.2951807228915664
2016-08-31,ridge,10,long_only,0.04061159421065939,0.03933605241499375,1.2755417956656347
2016-09-30,ridge,10,long_only,-0.056105329005418834,-0.05736299771707527,1.2576687116564418
2016-10-31,ridge,10,long_only,0.10930275371645302,0.10795919543424444,1.343558282208589
2016-11-30,ridge,10,long_only,0.013322054699924729,0.011980737334655269,1.341317365269461
2016-12-30,ridge,10,long_only,0.00854114391418737,0.007307225785532398,1.2339181286549707
2017-01-31,ridge,10,long_only,0.0210859016684908,0.01993385488486507,1.152046783625731
2017-02-28,ridge,10,long_only,-0.02669080879958962,-0.028044102212763274,1.3532934131736527
2017-03-31,ridge,10,long_only,0.02616746983199271,0.02483812851462744,1.3293413173652695
2017-04-28,ridge,10,long_only,-0.031807647454672225,-0.033250761227127314,1.4431137724550898
2017-05-31,ridge,10,long_only,0.03323810839389056,0.03183993210209725,1.3981762917933132
2017-06-30,ridge,10,long_only,1.2505582304573432e-05,-0.0012854295209402645,1.2979351032448379
2017-07-31,ridge,10,long_only,-0.006596150864089539,-0.00794128360745237,1.345132743362832
2017-08-31,ridge,10,long_only,0.059539505465012695,0.05816527233617834,1.3742331288343559
2017-09-29,ridge,10,long_only,-0.030757927488690315,-0.03196274676579875,1.2048192771084338
2017-10-31,ridge,10,long_only,0.018031278520878834,0.01668790502690293,1.3433734939759037
2017-11-30,ridge,10,long_only,0.029276761676316737,0.027863588023622127,1.4131736526946108
2017-12-29,ridge,10,long_only,0.022859701154393064,0.02162491854569741,1.2347826086956522
2018-01-31,ridge,10,long_only,-0.030299881082414618,-0.03149408398096534,1.1942028985507247
2018-02-28,ridge,10,long_only,0.00651474669672744,0.005415909487425114,1.0988372093023255
2018-03-29,ridge,10,long_only,0.04891697220520472,0.04778831723444448,1.128654970760234
2018-04-30,ridge,10,long_only,0.06420225119047553,0.0632467615762322,0.9554896142433235
2018-05-31,ridge,10,long_only,-0.009301854740084662,-0.010513795038592125,1.2119402985074628
2018-06-29,ridge,10,long_only,0.007354425802740363,0.00627396603262542,1.0804597701149425
2018-07-31,ridge,10,long_only,0.0396939056867687,0.038647928675274446,1.045977011494253
2018-08-31,ridge,10,long_only,-0.04621974836607204,-0.04736944896487443,1.1497005988023952
2018-09-28,ridge,10,long_only,-0.13620716375685216,-0.1372249152361421,1.017751479289941
2018-10-31,ridge,10,long_only,-0.020261068021589924,-0.02142083133519939,1.1597633136094674
2018-11-30,ridge,10,long_only,-0.15848487149424034,-0.15980034768471654,1.3154761904761905
2018-12-31,ridge,10,long_only,0.12820346347897518,0.127026286301798,1.1771771771771773
2019-01-31,ridge,10,long_only,0.04530697227589128,0.04404571101463002,1.2612612612612613
2019-02-28,ridge,10,long_only,-0.02272925140357348,-0.02381848217280425,1.0892307692307692
2019-03-29,ridge,10,long_only,0.011574760125450148,0.010350517701207724,1.2242424242424241
2019-04-30,ridge,10,long_only,-0.07182635730283395,-0.07298999366647031,1.1636363636363636
2019-05-31,ridge,10,long_only,0.09639654852173803,0.09528270236789187,1.1138461538461537
2019-06-28,ridge,10,long_only,0.006839044728982489,0.005635451914611231,1.2035928143712575
2019-07-31,ridge,10,long_only,-0.05316619049171722,-0.054184154563573506,1.0179640718562875
2019-08-30,ridge,10,long_only,0.004127362802619545,0.002876588808811496,1.2507739938080495
2019-09-30,ridge,10,long_only,0.06185738004303094,0.06074902090990401,1.1083591331269351
2019-10-31,ridge,10,long_only,0.016498732564198072,0.015390373431071138,1.108359133126935
2019-11-29,ridge,10,long_only,0.053683697539261166,0.05253994753926117,1.14375
2019-12-31,ridge,10,long_only,-0.0354963373975776,-0.03666648665130894,1.1701492537313434
2020-01-31,ridge,10,long_only,-0.11853705667557422,-0.11964153428751452,1.1044776119402986
2020-03-31,ridge,10,long_only,0.391948128956874,0.3904151948251374,1.532934131736527
2020-04-30,ridge,10,long_only,0.12233610481768739,0.12076034724192981,1.5757575757575757
2020-05-29,ridge,10,long_only,0.026916229209264578,0.02574338970309174,1.1728395061728396
2020-06-30,ridge,10,long_only,0.05824351122933811,0.05717842247194166,1.0650887573964498
2020-07-31,ridge,10,long_only,0.057074877415142146,0.05593878274058593,1.136094674556213
2020-08-31,ridge,10,long_only,-0.05265702540523014,-0.05382469007588882,1.1676646706586826
2020-09-30,ridge,10,long_only,9.355246520866201e-05,-0.0009363876545518169,1.029940119760479
2020-10-30,ridge,10,long_only,0.20780696958992334,0.20676769466545203,1.039274924471299
2020-11-30,ridge,10,long_only,0.0966747401425121,0.09554937571102522,1.1253644314868805
2020-12-31,ridge,10,long_only,0.13603465731580924,0.13495944840216023,1.075208913649025
2021-01-29,ridge,10,long_only,0.09370332861297538,0.09262805979577109,1.075268817204301
2021-02-26,ridge,10,long_only,-0.050102730773485385,-0.051102730773485386,1.0
2021-03-31,ridge,10,long_only,-0.004951759933702437,-0.0060887108380952015,1.1369509043927648
2021-04-30,ridge,10,long_only,0.027043463964695084,0.025963360605521957,1.0801033591731266
2021-05-28,ridge,10,long_only,0.00901917445607627,0.007773791870324291,1.245382585751979
2021-06-30,ridge,10,long_only,-0.05324995250466372,-0.05432227170665873,1.0723192019950125
2021-07-30,ridge,10,long_only,-0.0009588384940037167,-0.0021009831324077066,1.14214463840399
2021-08-31,ridge,10,long_only,-0.04950761897685985,-0.050608682806647085,1.101063829787234
2021-09-30,ridge,10,long_only,0.022837230566931453,0.021900388461668294,0.9368421052631579
2021-10-29,ridge,10,long_only,-0.0853540116935664,-0.08638032748304009,1.0263157894736843
2021-11-30,ridge,10,long_only,0.01665736980881015,0.015602251698573929,1.0551181102362204
2021-12-31,ridge,10,long_only,-0.11527853012171423,-0.11623165512171423,0.953125
2022-01-31,ridge,10,long_only,-0.03996559631953024,-0.04116872131953024,1.203125
2022-02-28,ridge,10,long_only,0.06636021168240291,0.06522635341468638,1.1338582677165354
2022-03-31,ridge,10,long_only,-0.0925734824832247,-0.09381432017955978,1.2408376963350787
2022-04-29,ridge,10,long_only,-0.07889113365400756,-0.08020003417756777,1.3089005235602094
2022-05-31,ridge,10,long_only,-0.07570192178276376,-0.07694181396605217,1.2398921832884098
2022-06-30,ridge,10,long_only,0.0988962316726702,0.09768329366727936,1.2129380053908356
2022-07-29,ridge,10,long_only,0.005663786468659207,0.0043505996554723935,1.3131868131868132
2022-08-31,ridge,10,long_only,-0.09775958037406016,-0.09887572768284203,1.1161473087818696
2022-09-30,ridge,10,long_only,0.0417834264565354,0.04075226498344758,1.0311614730878187
2022-10-31,ridge,10,long_only,0.01278249180271535,0.01171126673149028,1.0712250712250713
2022-11-30,ridge,10,long_only,-0.06530240039717572,-0.06647285494263026,1.1704545454545454
2022-12-30,ridge,10,long_only,0.1953098444474443,0.19411096489562354,1.1988795518207283
2023-01-31,ridge,10,long_only,-0.060644666828808966,-0.06187963950640459,1.2349726775956285
2023-02-28,ridge,10,long_only,-0.04656522086780272,-0.047472324692939334,0.907103825136612
2023-03-31,ridge,10,long_only,-0.06366588207350336,-0.06468848094355986,1.0225988700564972
2023-04-28,ridge,10,long_only,0.04248891525628677,0.04151765088847068,0.9712643678160919
2023-05-31,ridge,10,long_only,0.07289522154088034,0.0718540450702921,1.0411764705882354
2023-06-30,ridge,10,long_only,0.0806196227179834,0.07969610997010804,0.9235127478753541
2023-07-31,ridge,10,long_only,-0.0706584771155603,-0.07164431280961128,0.9858356940509915
2023-08-31,ridge,10,long_only,-0.13238731255889946,-0.13348087981036144,1.0935672514619883
2023-09-29,ridge,10,long_only,-0.12147390753793796,-0.12236411525307149,0.8902077151335311
2023-10-31,ridge,10,long_only,0.13520897545111463,0.13428496329305992,0.9240121580547113
2016-01-29,ridge,20,long_only,0.013002511550003785,0.011002511550003785,1.0
2016-02-29,ridge,20,long_only,0.06339568583439832,0.06071667348871931,1.3395061728395061
2016-03-31,ridge,20,long_only,0.046198104274537445,0.04353143760787078,1.3333333333333333
2016-04-29,ridge,20,long_only,-0.013929267912204212,-0.016444991182644465,1.2578616352201257
2016-05-31,ridge,20,long_only,-0.017336102213566938,-0.020102457353753853,1.3831775700934579
2016-06-30,ridge,20,long_only,0.04462679121117938,0.04212076711479384,1.2530120481927711
2016-07-29,ridge,20,long_only,0.047652055991496606,0.045061694545713474,1.2951807228915664
2016-08-31,ridge,20,long_only,0.04061159421065939,0.038060510619328115,1.2755417956656347
2016-09-30,ridge,20,long_only,-0.056105329005418834,-0.05862066642873172,1.2576687116564418
2016-10-31,ridge,20,long_only,0.10930275371645302,0.10661563715203584,1.343558282208589
2016-11-30,ridge,20,long_only,0.013322054699924729,0.010639419969385807,1.341317365269461
2016-12-30,ridge,20,long_only,0.00854114391418737,0.0060733076568774275,1.2339181286549707
2017-01-31,ridge,20,long_only,0.0210859016684908,0.01878180810123934,1.152046783625731
2017-02-28,ridge,20,long_only,-0.02669080879958962,-0.029397395625936927,1.3532934131736527
2017-03-31,ridge,20,long_only,0.02616746983199271,0.02350878719726217,1.3293413173652695
2017-04-28,ridge,20,long_only,-0.031807647454672225,-0.0346938749995824,1.4431137724550898
2017-05-31,ridge,20,long_only,0.03323810839389056,0.030441755810303936,1.3981762917933132
2017-06-30,ridge,20,long_only,1.2505582304573432e-05,-0.0025833646241851024,1.2979351032448379
2017-07-31,ridge,20,long_only,-0.006596150864089539,-0.009286416350815202,1.345132743362832
2017-08-31,ridge,20,long_only,0.059539505465012695,0.056791039207343984,1.3742331288343559
2017-09-29,ridge,20,long_only,-0.030757927488690315,-0.03316756604290718,1.2048192771084338
2017-10-31,ridge,20,long_only,0.018031278520878834,0.015344531532927027,1.3433734939759037
2017-11-30,ridge,20,long_only,0.029276761676316737,0.026450414370927516,1.4131736526946108
2017-12-29,ridge,20,long_only,0.022859701154393064,0.020390135937001758,1.2347826086956522
2018-01-31,ridge,20,long_only,-0.030299881082414618,-0.03268828687951607,1.1942028985507247
2018-02-28,ridge,20,long_only,0.00651474669672744,0.004317072278122789,1.0988372093023255
2018-03-29,ridge,20,long_only,0.04891697220520472,0.046659662263684246,1.128654970760234
2018-04-30,ridge,20,long_only,0.06420225119047553,0.06229127196198888,0.9554896142433235
2018-05-31,ridge,20,long_only,-0.009301854740084662,-0.011725735337099587,1.2119402985074628
2018-06-29,ridge,20,long_only,0.007354425802740363,0.005193506262510478,1.0804597701149425
2018-07-31,ridge,20,long_only,0.0396939056867687,0.03760195166378019,1.045977011494253
2018-08-31,ridge,20,long_only,-0.04621974836607204,-0.04851914956367683,1.1497005988023952
2018-09-28,ridge,20,long_only,-0.13620716375685216,-0.13824266671543203,1.017751479289941
2018-10-31,ridge,20,long_only,-0.020261068021589924,-0.02258059464880886,1.1597633136094674
2018-11-30,ridge,20,long_only,-0.15848487149424034,-0.16111582387519272,1.3154761904761905
2018-12-31,ridge,20,long_only,0.12820346347897518,0.12584910912462083,1.1771771771771773
2019-01-31,ridge,20,long_only,0.04530697227589128,0.04278444975336876,1.2612612612612613
2019-02-28,ridge,20,long_only,-0.02272925140357348,-0.024907712942035018,1.0892307692307692
2019-03-29,ridge,20,long_only,0.011574760125450148,0.009126275276965301,1.2242424242424241
2019-04-30,ridge,20,long_only,-0.07182635730283395,-0.07415363003010668,1.1636363636363636
2019-05-31,ridge,20,long_only,0.09639654852173803,0.09416885621404572,1.1138461538461537
2019-06-28,ridge,20,long_only,0.006839044728982489,0.004431859100239974,1.2035928143712575
2019-07-31,ridge,20,long_only,-0.05316619049171722,-0.055202118635429794,1.0179640718562875
2019-08-30,ridge,20,long_only,0.004127362802619545,0.0016258148150034464,1.2507739938080495
2019-09-30,ridge,20,long_only,0.06185738004303094,0.05964066177677707,1.1083591331269351
2019-10-31,ridge,20,long_only,0.016498732564198072,0.014282014297944203,1.108359133126935
2019-11-29,ridge,20,long_only,0.053683697539261166,0.05139619753926117,1.14375
2019-12-31,ridge,20,long_only,-0.0354963373975776,-0.037836635905040286,1.1701492537313434
2020-01-31,ridge,20,long_only,-0.11853705667557422,-0.12074601189945482,1.1044776119402986
2020-03-31,ridge,20,long_only,0.391948128956874,0.3888822606934009,1.532934131736527
2020-04-30,ridge,20,long_only,0.12233610481768739,0.11918458966617224,1.5757575757575757
2020-05-29,ridge,20,long_only,0.026916229209264578,0.024570550196918898,1.1728395061728396
2020-06-30,ridge,20,long_only,0.05824351122933811,0.05611333371454521,1.0650887573964498
2020-07-31,ridge,20,long_only,0.057074877415142146,0.05480268806602972,1.136094674556213
2020-08-31,ridge,20,long_only,-0.05265702540523014,-0.054992354746547505,1.1676646706586826
2020-09-30,ridge,20,long_only,9.355246520866201e-05,-0.0019663277743122956,1.029940119760479
2020-10-30,ridge,20,long_only,0.20780696958992334,0.20572841974098074,1.039274924471299
2020-11-30,ridge,20,long_only,0.0966747401425121,0.09442401127953834,1.1253644314868805
2020-12-31,ridge,20,long_only,0.13603465731580924,0.1338842394885112,1.075208913649025
2021-01-29,ridge,20,long_only,0.09370332861297538,0.09155279097856678,1.075268817204301
2021-02-26,ridge,20,long_only,-0.050102730773485385,-0.05210273077348539,1.0
2021-03-31,ridge,20,long_only,-0.004951759933702437,-0.0072256617424879665,1.1369509043927648
2021-04-30,ridge,20,long_only,0.027043463964695084,0.024883257246348833,1.0801033591731266
2021-05-28,ridge,20,long_only,0.00901917445607627,0.0065284092845723125,1.245382585751979
2021-06-30,ridge,20,long_only,-0.05324995250466372,-0.05539459090865374,1.0723192019950125
2021-07-30,ridge,20,long_only,-0.0009588384940037167,-0.0032431277708116968,1.14214463840399
2021-08-31,ridge,20,long_only,-0.04950761897685985,-0.05170974663643432,1.101063829787234
2021-09-30,ridge,20,long_only,0.022837230566931453,0.020963546356405138,0.9368421052631579
2021-10-29,ridge,20,long_only,-0.0853540116935664,-0.08740664327251377,1.0263157894736843
2021-11-30,ridge,20,long_only,0.01665736980881015,0.014547133588337709,1.0551181102362204
2021-12-31,ridge,20,long_only,-0.11527853012171423,-0.11718478012171422,0.953125
2022-01-31,ridge,20,long_only,-0.03996559631953024,-0.04237184631953024,1.203125
2022-02-28,ridge,20,long_only,0.06636021168240291,0.06409249514696984,1.1338582677165354
2022-03-31,ridge,20,long_only,-0.0925734824832247,-0.09505515787589486,1.2408376963350787
2022-04-29,ridge,20,long_only,-0.07889113365400756,-0.08150893470112798,1.3089005235602094
2022-05-31,ridge,20,long_only,-0.07570192178276376,-0.07818170614934059,1.2398921832884098
2022-06-30,ridge,20,long_only,0.0988962316726702,0.09647035566188852,1.2129380053908356
2022-07-29,ridge,20,long_only,0.005663786468659207,0.00303741284228558,1.3131868131868132
2022-08-31,ridge,20,long_only,-0.09775958037406016,-0.0999918749916239,1.1161473087818696
2022-09-30,ridge,20,long_only,0.0417834264565354,0.03972110351035976,1.0311614730878187
2022-10-31,ridge,20,long_only,0.01278249180271535,0.010640041660265208,1.0712250712250713
2022-11-30,ridge,20,long_only,-0.06530240039717572,-0.06764330948808481,1.1704545454545454
2022-12-30,ridge,20,long_only,0.1953098444474443,0.19291208534380283,1.1988795518207283
2023-01-31,ridge,20,long_only,-0.060644666828808966,-0.06311461218400022,1.2349726775956285
2023-02-28,ridge,20,long_only,-0.04656522086780272,-0.048379428518075945,0.907103825136612
2023-03-31,ridge,20,long_only,-0.06366588207350336,-0.06571107981361636,1.0225988700564972
2023-04-28,ridge,20,long_only,0.04248891525628677,0.040546386520654586,0.9712643678160919
2023-05-31,ridge,20,long_only,0.07289522154088034,0.07081286859970387,1.0411764705882354
2023-06-30,ridge,20,long_only,0.0806196227179834,0.07877259722223269,0.9235127478753541
2023-07-31,ridge,20,long_only,-0.0706584771155603,-0.07263014850366228,0.9858356940509915
2023-08-31,ridge,20,long_only,-0.13238731255889946,-0.13457444706182345,1.0935672514619883
2023-09-29,ridge,20,long_only,-0.12147390753793796,-0.12325432296820503,0.8902077151335311
2023-10-31,ridge,20,long_only,0.13520897545111463,0.1333609511350052,0.9240121580547113
2016-01-29,ridge,0,long_short,0.0005123195502079964,0.0005123195502079964,2.0
2016-02-29,ridge,0,long_short,0.009512219960745326,0.009512219960745326,2.3950617283950617
2016-03-31,ridge,0,long_short,0.0014442580706657104,0.0014442580706657104,2.459119496855346
2016-04-29,ridge,0,long_short,-0.012260401979560003,-0.012260401979560003,2.352201257861635
2016-05-31,ridge,0,long_short,0.018364088318593864,0.018364088318593864,2.5794392523364484
2016-06-30,ridge,0,long_short,-0.005256509333098244,-0.005256509333098244,2.216867469879518
2016-07-29,ridge,0,long_short,0.036161749622183756,0.036161749622183756,2.36144578313253
2016-08-31,ridge,0,long_short,0.018762531754429657,0.018762531754429657,2.4891640866873064
2016-09-30,ridge,0,long_short,-0.009788277683245576,-0.009788277683245576,2.2760736196319016
2016-10-31,ridge,0,long_short,0.07290993758444736,0.07290993758444736,2.3374233128834354
2016-11-30,ridge,0,long_short,-0.0014970782032585554,-0.0014970782032585554,2.3952095808383236
2016-12-30,ridge,0,long_short,-0.01735480501988916,-0.01735480501988916,2.1520467836257313
2017-01-31,ridge,0,long_short,0.0050732714010104495,0.0050732714010104495,2.1578947368421053
2017-02-28,ridge,0,long_short,-0.03826402777272024,-0.03826402777272024,2.263473053892216
2017-03-31,ridge,0,long_short,0.03340214398319672,0.03340214398319672,2.44311377245509
2017-04-28,ridge,0,long_short,-0.027409632711339584,-0.027409632711339584,2.4850299401197606
2017-05-31,ridge,0,long_short,0.033566917860083374,0.033566917860083374,2.3525835866261398
2017-06-30,ridge,0,long_short,-0.013547844702249196,-0.013547844702249196,2.2595870206489677
2017-07-31,ridge,0,long_short,0.02152652695060009,0.02152652695060009,2.3244837758112094
2017-08-31,ridge,0,long_short,0.031439423024735326,0.031439423024735326,2.4171779141104297
2017-09-29,ridge,0,long_short,-0.01358460083872609,-0.01358460083872609,2.174698795180723
2017-10-31,ridge,0,long_short,-0.004687410775628822,-0.004687410775628822,2.3313253012048194
2017-11-30,ridge,0,long_short,-0.02089111714161888,-0.02089111714161888,2.5269461077844313
2017-12-29,ridge,0,long_short,0.015184231696042837,0.015184231696042837,2.1681159420289857
2018-01-31,ridge,0,long_short,0.005640792353806901,0.005640792353806901,2.1913043478260867
2018-02-28,ridge,0,long_short,0.015514805734385524,0.015514805734385524,1.941860465116279
2018-03-29,ridge,0,long_short,0.029955810954562144,0.029955810954562144,1.9181286549707603
2018-04-30,ridge,0,long_short,0.050224532521113786,0.050224532521113786,1.5845697329376855
2018-05-31,ridge,0,long_short,0.005222460721101882,0.005222460721101882,1.9761194029850748
2018-06-29,ridge,0,long_short,0.007639344903226605,0.007639344903226605,1.7701149425287357
2018-07-31,ridge,0,long_short,0.03116398620276518,0.03116398620276518,1.793103448275862
2018-08-31,ridge,0,long_short,-0.014415590176672446,-0.014415590176672446,1.910179640718563
2018-09-28,ridge,0,long_short,-0.029812907576011228,-0.029812907576011228,1.757396449704142
2018-10-31,ridge,0,long_short,0.010168964751620232,0.010168964751620232,1.875739644970414
2018-11-30,ridge,0,long_short,-0.08784443616763161,-0.08784443616763161,2.1011904761904763
2018-12-31,ridge,0,long_short,0.05507993271786277,0.05507993271786277,2.024024024024024
2019-01-31,ridge,0,long_short,0.02706856063099191,0.02706856063099191,2.186186186186186
2019-02-28,ridge,0,long_short,-0.011959440718472724,-0.011959440718472724,1.8461538461538463
2019-03-29,ridge,0,long_short,0.019224302393677496,0.019224302393677496,2.0424242424242425
2019-04-30,ridge,0,long_short,-0.049410020844777414,-0.049410020844777414,1.8545454545454545
2019-05-31,ridge,0,long_short,0.06216269232191103,0.06216269232191103,1.8646153846153846
2019-06-28,ridge,0,long_short,0.030195864365869372,0.030195864365869372,2.0059880239520957
2019-07-31,ridge,0,long_short,-0.039436751830440486,-0.039436751830440486,1.7425149700598803
2019-08-30,ridge,0,long_short,0.014113683461510079,0.014113683461510079,2.099071207430341
2019-09-30,ridge,0,long_short,0.046752197962046826,0.046752197962046826,1.8452012383900929
2019-10-31,ridge,0,long_short,-0.00849757838463895,-0.00849757838463895,1.8390092879256965
2019-11-29,ridge,0,long_short,-0.009124286748287894,-0.009124286748287894,1.9125
2019-12-31,ridge,0,long_short,0.004169007163897345,0.004169007163897345,2.065671641791045
2020-01-31,ridge,0,long_short,-0.08952416913280745,-0.08952416913280745,2.0059701492537316
2020-03-31,ridge,0,long_short,0.31258271633780316,0.31258271633780316,2.688622754491018
2020-04-30,ridge,0,long_short,0.018756271082134415,0.018756271082134415,2.5939393939393938
2020-05-29,ridge,0,long_short,0.005064085791929915,0.005064085791929915,2.080246913580247
2020-06-30,ridge,0,long_short,0.04148229767403766,0.04148229767403766,1.911242603550296
2020-07-31,ridge,0,long_short,0.042548023503571786,0.042548023503571786,2.0177514792899407
2020-08-31,ridge,0,long_short,-0.03385037924866993,-0.03385037924866993,2.0
2020-09-30,ridge,0,long_short,0.025156370179840123,0.025156370179840123,1.784431137724551
2020-10-30,ridge,0,long_short,0.08973876392469111,0.08973876392469111,1.716012084592145
2020-11-30,ridge,0,long_short,0.05127821225853284,0.05127821225853284,2.052478134110787
2020-12-31,ridge,0,long_short,0.022344903723587845,0.022344903723587845,2.0055710306406684
2021-01-29,ridge,0,long_short,0.09937113714299255,0.09937113714299255,2.0053763440860215
2021-02-26,ridge,0,long_short,0.030122698769733086,0.030122698769733086,1.9062500000000002
2021-03-31,ridge,0,long_short,0.017756393400486244,0.017756393400486244,2.0103359173126614
2021-04-30,ridge,0,long_short,0.029482681339852688,0.029482681339852688,1.9121447028423773
2021-05-28,ridge,0,long_short,-0.014776290083277525,-0.014776290083277525,2.1477572559366753
2021-06-30,ridge,0,long_short,0.018592583564298635,0.018592583564298635,1.935162094763092
2021-07-30,ridge,0,long_short,-0.03276580531904145,-0.03276580531904145,2.0
2021-08-31,ridge,0,long_short,0.005905188285191079,0.005905188285191079,2.0425531914893615
2021-09-30,ridge,0,long_short,0.024300589922505174,0.024300589922505174,1.6684210526315788
2021-10-29,ridge,0,long_short,-0.0012575685688519258,-0.0012575685688519258,1.7842105263157895
2021-11-30,ridge,0,long_short,0.040852201985433836,0.040852201985433836,1.921259842519685
2021-12-31,ridge,0,long_short,-0.008104274821605716,-0.008104274821605716,1.890625
2022-01-31,ridge,0,long_short,-0.015904851588206106,-0.015904851588206106,2.3489583333333335
2022-02-28,ridge,0,long_short,0.0387857375332398,0.0387857375332398,2.188976377952756
2022-03-31,ridge,0,long_short,0.0247110411729281,0.0247110411729281,2.492146596858639
2022-04-29,ridge,0,long_short,-0.058967576841129805,-0.058967576841129805,2.4659685863874343
2022-05-31,ridge,0,long_short,-0.0054721827924636215,-0.0054721827924636215,2.334231805929919
2022-06-30,ridge,0,long_short,0.0534291710885124,0.0534291710885124,2.2911051212938007
2022-07-29,ridge,0,long_short,-0.010663696400296381,-0.010663696400296381,2.4505494505494507
2022-08-31,ridge,0,long_short,-0.01457311898228212,-0.01457311898228212,2.1529745042492916
2022-09-30,ridge,0,long_short,0.0362145275159511,0.0362145275159511,2.113314447592068
2022-10-31,ridge,0,long_short,0.0031214362204164295,0.0031214362204164295,2.03988603988604
2022-11-30,ridge,0,long_short,-0.028521858492488887,-0.028521858492488887,2.4375
2022-12-30,ridge,0,long_short,0.11816185187661411,0.11816185187661411,2.196078431372549
2023-01-31,ridge,0,long_short,-0.03697332439972511,-0.03697332439972511,2.5027322404371586
2023-02-28,ridge,0,long_short,-0.01649750209158378,-0.01649750209158378,1.9781420765027322
2023-03-31,ridge,0,long_short,-0.052483555361913285,-0.052483555361913285,2.062146892655367
2023-04-28,ridge,0,long_short,0.057995726479989504,0.057995726479989504,1.8218390804597702
2023-05-31,ridge,0,long_short,0.05904070772635916,0.05904070772635916,1.9705882352941178
2023-06-30,ridge,0,long_short,0.07149821272338314,0.07149821272338314,1.9036827195467423
2023-07-31,ridge,0,long_short,-0.03603787716958345,-0.03603787716958345,1.9376770538243624
2023-08-31,ridge,0,long_short,-0.0707228181748864,-0.0707228181748864,2.0935672514619883
2023-09-29,ridge,0,long_short,-0.08532866748546,-0.08532866748546,1.7507418397626113
2023-10-31,ridge,0,long_short,0.07216518023383492,0.07216518023383492,1.7629179331306992
2016-01-29,ridge,5,long_short,0.0005123195502079964,-0.00048768044979200366,2.0
2016-02-29,ridge,5,long_short,0.009512219960745326,0.008314689096547794,2.3950617283950617
2016-03-31,ridge,5,long_short,0.0014442580706657104,0.0002146983222380374,2.459119496855346
2016-04-29,ridge,5,long_short,-0.012260401979560003,-0.013436502608490821,2.352201257861635
2016-05-31,ridge,5,long_short,0.018364088318593864,0.01707436869242564,2.5794392523364484
2016-06-30,ridge,5,long_short,-0.005256509333098244,-0.006364943068038003,2.216867469879518
2016-07-29,ridge,5,long_short,0.036161749622183756,0.03498102673061749,2.36144578313253
2016-08-31,ridge,5,long_short,0.018762531754429657,0.017517949711086004,2.4891640866873064
2016-09-30,ridge,5,long_short,-0.009788277683245576,-0.010926314493061527,2.2760736196319016
2016-10-31,ridge,5,long_short,0.07290993758444736,0.07174122592800564,2.3374233128834354
2016-11-30,ridge,5,long_short,-0.0014970782032585554,-0.0026946829936777173,2.3952095808383236
2016-12-30,ridge,5,long_short,-0.01735480501988916,-0.018430828411702026,2.1520467836257313
2017-01-31,ridge,5,long_short,0.0050732714010104495,0.003994324032589397,2.1578947368421053
2017-02-28,ridge,5,long_short,-0.03826402777272024,-0.03939576429966635,2.263473053892216
2017-03-31,ridge,5,long_short,0.03340214398319672,0.03218058709696917,2.44311377245509
2017-04-28,ridge,5,long_short,-0.027409632711339584,-0.028652147681399464,2.4850299401197606
2017-05-31,ridge,5,long_short,0.033566917860083374,0.0323906260667703,2.3525835866261398
2017-06-30,ridge,5,long_short,-0.013547844702249196,-0.01467763821257368,2.2595870206489677
2017-07-31,ridge,5,long_short,0.02152652695060009,0.020364285062694484,2.3244837758112094
2017-08-31,ridge,5,long_short,0.031439423024735326,0.03023083406768011,2.4171779141104297
2017-09-29,ridge,5,long_short,-0.01358460083872609,-0.014671950236316452,2.174698795180723
2017-10-31,ridge,5,long_short,-0.004687410775628822,-0.005853073426231231,2.3313253012048194
2017-11-30,ridge,5,long_short,-0.02089111714161888,-0.022154590195511095,2.5269461077844313
2017-12-29,ridge,5,long_short,0.015184231696042837,0.014100173725028345,2.1681159420289857
2018-01-31,ridge,5,long_short,0.005640792353806901,0.004545140179893857,2.1913043478260867
2018-02-28,ridge,5,long_short,0.015514805734385524,0.014543875501827385,1.941860465116279
2018-03-29,ridge,5,long_short,0.029955810954562144,0.028996746627076762,1.9181286549707603
2018-04-30,ridge,5,long_short,0.050224532521113786,0.04943224765464494,1.5845697329376855
2018-05-31,ridge,5,long_short,0.005222460721101882,0.004234401019609345,1.9761194029850748
2018-06-29,ridge,5,long_short,0.007639344903226605,0.006754287431962237,1.7701149425287357
2018-07-31,ridge,5,long_short,0.03116398620276518,0.030267434478627248,1.793103448275862
2018-08-31,ridge,5,long_short,-0.014415590176672446,-0.015370679997031728,1.910179640718563
2018-09-28,ridge,5,long_short,-0.029812907576011228,-0.0306916058008633,1.757396449704142
2018-10-31,ridge,5,long_short,0.010168964751620232,0.009231094929135025,1.875739644970414
2018-11-30,ridge,5,long_short,-0.08784443616763161,-0.08889503140572685,2.1011904761904763
2018-12-31,ridge,5,long_short,0.05507993271786277,0.05406792070585076,2.024024024024024
2019-01-31,ridge,5,long_short,0.02706856063099191,0.025975467537898818,2.186186186186186
2019-02-28,ridge,5,long_short,-0.011959440718472724,-0.012882517641549646,1.8461538461538463
2019-03-29,ridge,5,long_short,0.019224302393677496,0.018203090272465375,2.0424242424242425
2019-04-30,ridge,5,long_short,-0.049410020844777414,-0.05033729357205014,1.8545454545454545
2019-05-31,ridge,5,long_short,0.06216269232191103,0.06123038462960334,1.8646153846153846
2019-06-28,ridge,5,long_short,0.030195864365869372,0.029192870353893324,2.0059880239520957
2019-07-31,ridge,5,long_short,-0.039436751830440486,-0.040308009315470426,1.7425149700598803
2019-08-30,ridge,5,long_short,0.014113683461510079,0.013064147857794908,2.099071207430341
2019-09-30,ridge,5,long_short,0.046752197962046826,0.04582959734285178,1.8452012383900929
2019-10-31,ridge,5,long_short,-0.00849757838463895,-0.009417083028601798,1.8390092879256965
2019-11-29,ridge,5,long_short,-0.009124286748287894,-0.010080536748287895,1.9125
2019-12-31,ridge,5,long_short,0.004169007163897345,0.003136171343001823,2.065671641791045
2020-01-31,ridge,5,long_short,-0.08952416913280745,-0.09052715420743432,2.0059701492537316
2020-03-31,ridge,5,long_short,0.31258271633780316,0.31123840496055766,2.688622754491018
2020-04-30,ridge,5,long_short,0.018756271082134415,0.01745930138516472,2.5939393939393938
2020-05-29,ridge,5,long_short,0.005064085791929915,0.004023962335139792,2.080246913580247
2020-06-30,ridge,5,long_short,0.04148229767403766,0.04052667637226251,1.911242603550296
2020-07-31,ridge,5,long_short,0.042548023503571786,0.041539147763926816,2.0177514792899407
2020-08-31,ridge,5,long_short,-0.03385037924866993,-0.03485037924866993,2.0
2020-09-30,ridge,5,long_short,0.025156370179840123,0.024264154610977848,1.784431137724551
2020-10-30,ridge,5,long_short,0.08973876392469111,0.08888075788239504,1.716012084592145
2020-11-30,ridge,5,long_short,0.05127821225853284,0.05025197319147744,2.052478134110787
2020-12-31,ridge,5,long_short,0.022344903723587845,0.02134211820826751,2.0055710306406684
2021-01-29,ridge,5,long_short,0.09937113714299255,0.09836844897094954,2.0053763440860215
2021-02-26,ridge,5,long_short,0.030122698769733086,0.029169573769733087,1.9062500000000002
2021-03-31,ridge,5,long_short,0.017756393400486244,0.016751225441829914,2.0103359173126614
2021-04-30,ridge,5,long_short,0.029482681339852688,0.0285266089884315,1.9121447028423773
2021-05-28,ridge,5,long_short,-0.014776290083277525,-0.015850168711245862,2.1477572559366753
2021-06-30,ridge,5,long_short,0.018592583564298635,0.01762500251691709,1.935162094763092
2021-07-30,ridge,5,long_short,-0.03276580531904145,-0.03376580531904145,2.0
2021-08-31,ridge,5,long_short,0.005905188285191079,0.004883911689446398,2.0425531914893615
2021-09-30,ridge,5,long_short,0.024300589922505174,0.023466379396189386,1.6684210526315788
2021-10-29,ridge,5,long_short,-0.0012575685688519258,-0.002149673832009821,1.7842105263157895
2021-11-30,ridge,5,long_short,0.040852201985433836,0.03989157206417399,1.921259842519685
2021-12-31,ridge,5,long_short,-0.008104274821605716,-0.009049587321605716,1.890625
2022-01-31,ridge,5,long_short,-0.015904851588206106,-0.017079330754872772,2.3489583333333335
2022-02-28,ridge,5,long_short,0.0387857375332398,0.03769124934426342,2.188976377952756
2022-03-31,ridge,5,long_short,0.0247110411729281,0.02346496787449878,2.492146596858639
2022-04-29,ridge,5,long_short,-0.058967576841129805,-0.060200561134323524,2.4659685863874343
2022-05-31,ridge,5,long_short,-0.0054721827924636215,-0.006639298695428581,2.334231805929919
2022-06-30,ridge,5,long_short,0.0534291710885124,0.052283618527865505,2.2911051212938007
2022-07-29,ridge,5,long_short,-0.010663696400296381,-0.011888971125571107,2.4505494505494507
2022-08-31,ridge,5,long_short,-0.01457311898228212,-0.015649606234406765,2.1529745042492916
2022-09-30,ridge,5,long_short,0.0362145275159511,0.035157870292155065,2.113314447592068
2022-10-31,ridge,5,long_short,0.0031214362204164295,0.0021014932004734094,2.03988603988604
2022-11-30,ridge,5,long_short,-0.028521858492488887,-0.029740608492488888,2.4375
2022-12-30,ridge,5,long_short,0.11816185187661411,0.11706381266092784,2.196078431372549
2023-01-31,ridge,5,long_short,-0.03697332439972511,-0.03822469051994369,2.5027322404371586
2023-02-28,ridge,5,long_short,-0.01649750209158378,-0.017486573129835144,1.9781420765027322
2023-03-31,ridge,5,long_short,-0.052483555361913285,-0.05351462880824097,2.062146892655367
2023-04-28,ridge,5,long_short,0.057995726479989504,0.05708480693975962,1.8218390804597702
2023-05-31,ridge,5,long_short,0.05904070772635916,0.0580554136087121,1.9705882352941178
2023-06-30,ridge,5,long_short,0.07149821272338314,0.07054637136360976,1.9036827195467423
2023-07-31,ridge,5,long_short,-0.03603787716958345,-0.03700671569649563,1.9376770538243624
2023-08-31,ridge,5,long_short,-0.0707228181748864,-0.0717696018006174,2.0935672514619883
2023-09-29,ridge,5,long_short,-0.08532866748546,-0.08620403840534131,1.7507418397626113
2023-10-31,ridge,5,long_short,0.07216518023383492,0.07128372126726958,1.7629179331306992
2016-01-29,ridge,10,long_short,0.0005123195502079964,-0.0014876804497920037,2.0
2016-02-29,ridge,10,long_short,0.009512219960745326,0.007117158232350264,2.3950617283950617
2016-03-31,ridge,10,long_short,0.0014442580706657104,-0.0010148614261896356,2.459119496855346
2016-04-29,ridge,10,long_short,-0.012260401979560003,-0.014612603237421638,2.352201257861635
2016-05-31,ridge,10,long_short,0.018364088318593864,0.015784649066257414,2.5794392523364484
2016-06-30,ridge,10,long_short,-0.005256509333098244,-0.007473376802977762,2.216867469879518
2016-07-29,ridge,10,long_short,0.036161749622183756,0.03380030383905123,2.36144578313253
2016-08-31,ridge,10,long_short,0.018762531754429657,0.01627336766774235,2.4891640866873064
2016-09-30,ridge,10,long_short,-0.009788277683245576,-0.012064351302877478,2.2760736196319016
2016-10-31,ridge,10,long_short,0.07290993758444736,0.07057251427156393,2.3374233128834354
2016-11-30,ridge,10,long_short,-0.0014970782032585554,-0.003892287784096879,2.3952095808383236
2016-12-30,ridge,10,long_short,-0.01735480501988916,-0.019506851803514892,2.1520467836257313
2017-01-31,ridge,10,long_short,0.0050732714010104495,0.0029153766641683444,2.1578947368421053
2017-02-28,ridge,10,long_short,-0.03826402777272024,-0.04052750082661246,2.263473053892216
2017-03-31,ridge,10,long_short,0.03340214398319672,0.03095903021074163,2.44311377245509
2017-04-28,ridge,10,long_short,-0.027409632711339584,-0.029894662651459344,2.4850299401197606
2017-05-31,ridge,10,long_short,0.033566917860083374,0.031214334273457236,2.3525835866261398
2017-06-30,ridge,10,long_short,-0.013547844702249196,-0.015807431722898165,2.2595870206489677
2017-07-31,ridge,10,long_short,0.02152652695060009,0.01920204317478888,2.3244837758112094
2017-08-31,ridge,10,long_short,0.031439423024735326,0.029022245110624897,2.4171779141104297
2017-09-29,ridge,10,long_short,-0.01358460083872609,-0.015759299633906813,2.174698795180723
2017-10-31,ridge,10,long_short,-0.004687410775628822,-0.007018736076833641,2.3313253012048194
2017-11-30,ridge,10,long_short,-0.02089111714161888,-0.023418063249403313,2.5269461077844313
2017-12-29,ridge,10,long_short,0.015184231696042837,0.013016115754013851,2.1681159420289857
2018-01-31,ridge,10,long_short,0.005640792353806901,0.003449488005980814,2.1913043478260867
2018-02-28,ridge,10,long_short,0.015514805734385524,0.013572945269269245,1.941860465116279
2018-03-29,ridge,10,long_short,0.029955810954562144,0.028037682299591384,1.9181286549707603
2018-04-30,ridge,10,long_short,0.050224532521113786,0.0486399627881761,1.5845697329376855
2018-05-31,ridge,10,long_short,0.005222460721101882,0.0032463413181168074,1.9761194029850748
2018-06-29,ridge,10,long_short,0.007639344903226605,0.005869229960697869,1.7701149425287357
2018-07-31,ridge,10,long_short,0.03116398620276518,0.02937088275448932,1.793103448275862
2018-08-31,ridge,10,long_short,-0.014415590176672446,-0.01632576981739101,1.910179640718563
2018-09-28,ridge,10,long_short,-0.029812907576011228,-0.03157030402571537,1.757396449704142
2018-10-31,ridge,10,long_short,0.010168964751620232,0.008293225106649819,1.875739644970414
2018-11-30,ridge,10,long_short,-0.08784443616763161,-0.0899456266438221,2.1011904761904763
2018-12-31,ridge,10,long_short,0.05507993271786277,0.05305590869383874,2.024024024024024
2019-01-31,ridge,10,long_short,0.02706856063099191,0.024882374444805722,2.186186186186186
2019-02-28,ridge,10,long_short,-0.011959440718472724,-0.01380559456462657,1.8461538461538463
2019-03-29,ridge,10,long_short,0.019224302393677496,0.017181878151253254,2.0424242424242425
2019-04-30,ridge,10,long_short,-0.049410020844777414,-0.05126456629932287,1.8545454545454545
2019-05-31,ridge,10,long_short,0.06216269232191103,0.06029807693729565,1.8646153846153846
2019-06-28,ridge,10,long_short,0.030195864365869372,0.028189876341917275,2.0059880239520957
2019-07-31,ridge,10,long_short,-0.039436751830440486,-0.041179266800500366,1.7425149700598803
2019-08-30,ridge,10,long_short,0.014113683461510079,0.012014612254079737,2.099071207430341
2019-09-30,ridge,10,long_short,0.046752197962046826,0.044906996723656736,1.8452012383900929
2019-10-31,ridge,10,long_short,-0.00849757838463895,-0.010336587672564646,1.8390092879256965
2019-11-29,ridge,10,long_short,-0.009124286748287894,-0.011036786748287893,1.9125
2019-12-31,ridge,10,long_short,0.004169007163897345,0.0021033355221063005,2.065671641791045
2020-01-31,ridge,10,long_short,-0.08952416913280745,-0.09153013928206118,2.0059701492537316
2020-03-31,ridge,10,long_short,0.31258271633780316,0.30989409358331216,2.688622754491018
2020-04-30,ridge,10,long_short,0.018756271082134415,0.01616233168819502,2.5939393939393938
2020-05-29,ridge,10,long_short,0.005064085791929915,0.002983838878349668,2.080246913580247
2020-06-30,ridge,10,long_short,0.04148229767403766,0.03957105507048737,1.911242603550296
2020-07-31,ridge,10,long_short,0.042548023503571786,0.040530272024281846,2.0177514792899407
2020-08-31,ridge,10,long_short,-0.03385037924866993,-0.035850379248669934,2.0
2020-09-30,ridge,10,long_short,0.025156370179840123,0.023371939042115573,1.784431137724551
2020-10-30,ridge,10,long_short,0.08973876392469111,0.08802275184009897,1.716012084592145
2020-11-30,ridge,10,long_short,0.05127821225853284,0.04922573412442205,2.052478134110787
2020-12-31,ridge,10,long_short,0.022344903723587845,0.020339332692947177,2.0055710306406684
2021-01-29,ridge,10,long_short,0.09937113714299255,0.09736576079890652,2.0053763440860215
2021-02-26,ridge,10,long_short,0.030122698769733086,0.028216448769733084,1.9062500000000002
2021-03-31,ridge,10,long_short,0.017756393400486244,0.015746057483173582,2.0103359173126614
2021-04-30,ridge,10,long_short,0.029482681339852688,0.027570536637010312,1.9121447028423773
2021-05-28,ridge,10,long_short,-0.014776290083277525,-0.0169240473392142,2.1477572559366753
2021-06-30,ridge,10,long_short,0.018592583564298635,0.01665742146953554,1.935162094763092
2021-07-30,ridge,10,long_short,-0.03276580531904145,-0.03476580531904145,2.0
2021-08-31,ridge,10,long_short,0.005905188285191079,0.003862635093701717,2.0425531914893615
2021-09-30,ridge,10,long_short,0.024300589922505174,0.022632168869873594,1.6684210526315788
2021-10-29,ridge,10,long_short,-0.0012575685688519258,-0.0030417790951677154,1.7842105263157895
2021-11-30,ridge,10,long_short,0.040852201985433836,0.03893094214291415,1.921259842519685
2021-12-31,ridge,10,long_short,-0.008104274821605716,-0.009994899821605716,1.890625
2022-01-31,ridge,10,long_short,-0.015904851588206106,-0.01825380992153944,2.3489583333333335
2022-02-28,ridge,10,long_short,0.0387857375332398,0.036596761155287046,2.188976377952756
2022-03-31,ridge,10,long_short,0.0247110411729281,0.02221889457606946,2.492146596858639
2022-04-29,ridge,10,long_short,-0.058967576841129805,-0.06143354542751724,2.4659685863874343
2022-05-31,ridge,10,long_short,-0.0054721827924636215,-0.007806414598393541,2.334231805929919
2022-06-30,ridge,10,long_short,0.0534291710885124,0.0511380659672186,2.2911051212938007
2022-07-29,ridge,10,long_short,-0.010663696400296381,-0.013114245850845831,2.4505494505494507
2022-08-31,ridge,10,long_short,-0.01457311898228212,-0.01672609348653141,2.1529745042492916
2022-09-30,ridge,10,long_short,0.0362145275159511,0.03410121306835903,2.113314447592068
2022-10-31,ridge,10,long_short,0.0031214362204164295,0.0010815501805303894,2.03988603988604
2022-11-30,ridge,10,long_short,-0.028521858492488887,-0.030959358492488886,2.4375
2022-12-30,ridge,10,long_short,0.11816185187661411,0.11596577344524156,2.196078431372549
2023-01-31,ridge,10,long_short,-0.03697332439972511,-0.039476056640162266,2.5027322404371586
2023-02-28,ridge,10,long_short,-0.01649750209158378,-0.018475644168086513,1.9781420765027322
2023-03-31,ridge,10,long_short,-0.052483555361913285,-0.05454570225456865,2.062146892655367
2023-04-28,ridge,10,long_short,0.057995726479989504,0.056173887399529734,1.8218390804597702
2023-05-31,ridge,10,long_short,0.05904070772635916,0.05707011949106504,1.9705882352941178
2023-06-30,ridge,10,long_short,0.07149821272338314,0.06959453000383639,1.9036827195467423
2023-07-31,ridge,10,long_short,-0.03603787716958345,-0.03797555422340781,1.9376770538243624
2023-08-31,ridge,10,long_short,-0.0707228181748864,-0.0728163854263484,2.0935672514619883
2023-09-29,ridge,10,long_short,-0.08532866748546,-0.08707940932522261,1.7507418397626113
2023-10-31,ridge,10,long_short,0.07216518023383492,0.07040226230070422,1.7629179331306992
2016-01-29,ridge,20,long_short,0.0005123195502079964,-0.003487680449792004,2.0
2016-02-29,ridge,20,long_short,0.009512219960745326,0.0047220965039552025,2.3950617283950617
2016-03-31,ridge,20,long_short,0.0014442580706657104,-0.0034739809230449814,2.459119496855346
2016-04-29,ridge,20,long_short,-0.012260401979560003,-0.016964804495283273,2.352201257861635
2016-05-31,ridge,20,long_short,0.018364088318593864,0.013205209813920968,2.5794392523364484
2016-06-30,ridge,20,long_short,-0.005256509333098244,-0.009690244272857279,2.216867469879518
2016-07-29,ridge,20,long_short,0.036161749622183756,0.03143885805591869,2.36144578313253
2016-08-31,ridge,20,long_short,0.018762531754429657,0.013784203581055043,2.4891640866873064
2016-09-30,ridge,20,long_short,-0.009788277683245576,-0.014340424922509379,2.2760736196319016
2016-10-31,ridge,20,long_short,0.07290993758444736,0.0682350909586805,2.3374233128834354
2016-11-30,ridge,20,long_short,-0.0014970782032585554,-0.006287497364935203,2.3952095808383236
2016-12-30,ridge,20,long_short,-0.01735480501988916,-0.021658898587140624,2.1520467836257313
2017-01-31,ridge,20,long_short,0.0050732714010104495,0.0007574819273262392,2.1578947368421053
2017-02-28,ridge,20,long_short,-0.03826402777272024,-0.04279097388050467,2.263473053892216
2017-03-31,ridge,20,long_short,0.03340214398319672,0.02851591643828654,2.44311377245509
2017-04-28,ridge,20,long_short,-0.027409632711339584,-0.03237969259157911,2.4850299401197606
2017-05-31,ridge,20,long_short,0.033566917860083374,0.028861750686831094,2.3525835866261398
2017-06-30,ridge,20,long_short,-0.013547844702249196,-0.01806701874354713,2.2595870206489677
2017-07-31,ridge,20,long_short,0.02152652695060009,0.01687755939897767,2.3244837758112094
2017-08-31,ridge,20,long_short,0.031439423024735326,0.026605067196514467,2.4171779141104297
2017-09-29,ridge,20,long_short,-0.01358460083872609,-0.017933998429087536,2.174698795180723
2017-10-31,ridge,20,long_short,-0.004687410775628822,-0.009350061378038461,2.3313253012048194
2017-11-30,ridge,20,long_short,-0.02089111714161888,-0.025945009357187743,2.5269461077844313
2017-12-29,ridge,20,long_short,0.015184231696042837,0.010847999811984865,2.1681159420289857
2018-01-31,ridge,20,long_short,0.005640792353806901,0.0012581836581547273,2.1913043478260867
2018-02-28,ridge,20,long_short,0.015514805734385524,0.011631084804152966,1.941860465116279
2018-03-29,ridge,20,long_short,0.029955810954562144,0.026119553644620624,1.9181286549707603
2018-04-30,ridge,20,long_short,0.050224532521113786,0.04705539305523841,1.5845697329376855
2018-05-31,ridge,20,long_short,0.005222460721101882,0.0012702219151317327,1.9761194029850748
2018-06-29,ridge,20,long_short,0.007639344903226605,0.004099115018169133,1.7701149425287357
2018-07-31,ridge,20,long_short,0.03116398620276518,0.027577779306213458,1.793103448275862
2018-08-31,ridge,20,long_short,-0.014415590176672446,-0.018235949458109572,1.910179640718563
2018-09-28,ridge,20,long_short,-0.029812907576011228,-0.03332770047541951,1.757396449704142
2018-10-31,ridge,20,long_short,0.010168964751620232,0.006417485461679404,1.875739644970414
2018-11-30,ridge,20,long_short,-0.08784443616763161,-0.09204681712001257,2.1011904761904763
2018-12-31,ridge,20,long_short,0.05507993271786277,0.05103188466981472,2.024024024024024
2019-01-31,ridge,20,long_short,0.02706856063099191,0.022696188258619538,2.186186186186186
2019-02-28,ridge,20,long_short,-0.011959440718472724,-0.015651748410780417,1.8461538461538463
2019-03-29,ridge,20,long_short,0.019224302393677496,0.01513945390882901,2.0424242424242425
2019-04-30,ridge,20,long_short,-0.049410020844777414,-0.053119111753868326,1.8545454545454545
2019-05-31,ridge,20,long_short,0.06216269232191103,0.05843346155268026,1.8646153846153846
2019-06-28,ridge,20,long_short,0.030195864365869372,0.02618388831796518,2.0059880239520957
2019-07-31,ridge,20,long_short,-0.039436751830440486,-0.04292178177056025,1.7425149700598803
2019-08-30,ridge,20,long_short,0.014113683461510079,0.009915541046649396,2.099071207430341
2019-09-30,ridge,20,long_short,0.046752197962046826,0.04306179548526664,1.8452012383900929
2019-10-31,ridge,20,long_short,-0.00849757838463895,-0.012175596960490342,1.8390092879256965
2019-11-29,ridge,20,long_short,-0.009124286748287894,-0.012949286748287894,1.9125
2019-12-31,ridge,20,long_short,0.004169007163897345,3.766388031525587e-05,2.065671641791045
2020-01-31,ridge,20,long_short,-0.08952416913280745,-0.0935361094313149,2.0059701492537316
2020-03-31,ridge,20,long_short,0.31258271633780316,0.3072054708288211,2.688622754491018
2020-04-30,ridge,20,long_short,0.018756271082134415,0.013568392294255629,2.5939393939393938
2020-05-29,ridge,20,long_short,0.005064085791929915,0.0009035919647694211,2.080246913580247
2020-06-30,ridge,20,long_short,0.04148229767403766,0.037659812466937066,1.911242603550296
2020-07-31,ridge,20,long_short,0.042548023503571786,0.03851252054499191,2.0177514792899407
2020-08-31,ridge,20,long_short,-0.03385037924866993,-0.037850379248669935,2.0
2020-09-30,ridge,20,long_short,0.025156370179840123,0.02158750790439102,1.784431137724551
2020-10-30,ridge,20,long_short,0.08973876392469111,0.08630673975550683,1.716012084592145
2020-11-30,ridge,20,long_short,0.05127821225853284,0.04717325599031126,2.052478134110787
2020-12-31,ridge,20,long_short,0.022344903723587845,0.01833376166230651,2.0055710306406684
2021-01-29,ridge,20,long_short,0.09937113714299255,0.09536038445482051,2.0053763440860215
2021-02-26,ridge,20,long_short,0.030122698769733086,0.026310198769733086,1.9062500000000002
2021-03-31,ridge,20,long_short,0.017756393400486244,0.01373572156586092,2.0103359173126614
2021-04-30,ridge,20,long_short,0.029482681339852688,0.025658391934167933,1.9121447028423773
2021-05-28,ridge,20,long_short,-0.014776290083277525,-0.019071804595150874,2.1477572559366753
2021-06-30,ridge,20,long_short,0.018592583564298635,0.01472225937477245,1.935162094763092
2021-07-30,ridge,20,long_short,-0.03276580531904145,-0.036765805319041445,2.0
2021-08-31,ridge,20,long_short,0.005905188285191079,0.0018200819022123555,2.0425531914893615
2021-09-30,ridge,20,long_short,0.024300589922505174,0.020963747817242015,1.6684210526315788
2021-10-29,ridge,20,long_short,-0.0012575685688519258,-0.0048259896214835046,1.7842105263157895
2021-11-30,ridge,20,long_short,0.040852201985433836,0.03700968230039447,1.921259842519685
2021-12-31,ridge,20,long_short,-0.008104274821605716,-0.011885524821605715,1.890625
2022-01-31,ridge,20,long_short,-0.015904851588206106,-0.020602768254872773,2.3489583333333335
2022-02-28,ridge,20,long_short,0.0387857375332398,0.03440778477733429,2.188976377952756
2022-03-31,ridge,20,long_short,0.0247110411729281,0.01972674797921082,2.492146596858639
2022-04-29,ridge,20,long_short,-0.058967576841129805,-0.06389951401390467,2.4659685863874343
2022-05-31,ridge,20,long_short,-0.0054721827924636215,-0.01014064640432346,2.334231805929919
2022-06-30,ridge,20,long_short,0.0534291710885124,0.048846960845924804,2.2911051212938007
2022-07-29,ridge,20,long_short,-0.010663696400296381,-0.015564795301395283,2.4505494505494507
2022-08-31,ridge,20,long_short,-0.01457311898228212,-0.018879067990780703,2.1529745042492916
2022-09-30,ridge,20,long_short,0.0362145275159511,0.03198789862076696,2.113314447592068
2022-10-31,ridge,20,long_short,0.0031214362204164295,-0.0009583358593556507,2.03988603988604
2022-11-30,ridge,20,long_short,-0.028521858492488887,-0.033396858492488884,2.4375
2022-12-30,ridge,20,long_short,0.11816185187661411,0.11376969501386902,2.196078431372549
2023-01-31,ridge,20,long_short,-0.03697332439972511,-0.04197878888059943,2.5027322404371586
2023-02-28,ridge,20,long_short,-0.01649750209158378,-0.020453786244589243,1.9781420765027322
2023-03-31,ridge,20,long_short,-0.052483555361913285,-0.05660784914722402,2.062146892655367
2023-04-28,ridge,20,long_short,0.057995726479989504,0.054352048319069965,1.8218390804597702
2023-05-31,ridge,20,long_short,0.05904070772635916,0.055099531255770925,1.9705882352941178
2023-06-30,ridge,20,long_short,0.07149821272338314,0.06769084728428965,1.9036827195467423
2023-07-31,ridge,20,long_short,-0.03603787716958345,-0.039913231277232175,1.9376770538243624
2023-08-31,ridge,20,long_short,-0.0707228181748864,-0.07490995267781038,2.0935672514619883
2023-09-29,ridge,20,long_short,-0.08532866748546,-0.08883015116498523,1.7507418397626113
2023-10-31,ridge,20,long_short,0.07216518023383492,0.06863934436757352,1.7629179331306992
2016-01-29,lgbm,0,long_only,0.03916821748768227,0.03916821748768227,1.0
2016-02-29,lgbm,0,long_only,0.04546486140975324,0.04546486140975324,1.2345679012345678
2016-03-31,lgbm,0,long_only,0.050377344736794234,0.050377344736794234,1.1572327044025157
2016-04-29,lgbm,0,long_only,-0.0028351289396718973,-0.0028351289396718973,1.2452830188679245
2016-05-31,lgbm,0,long_only,-0.025130646560675204,-0.025130646560675204,1.190031152647975
2016-06-30,lgbm,0,long_only,0.05468716431654704,0.05468716431654704,1.2409638554216866
2016-07-29,lgbm,0,long_only,0.031574265258267155,0.031574265258267155,1.210843373493976
2016-08-31,lgbm,0,long_only,0.03790429636323644,0.03790429636323644,1.2260061919504643
2016-09-30,lgbm,0,long_only,-0.056851697853400995,-0.056851697853400995,1.1411042944785277
2016-10-31,lgbm,0,long_only,0.08533642452616712,0.08533642452616712,1.1288343558282208
2016-11-30,lgbm,0,long_only,0.008539964013194276,0.008539964013194276,1.1137724550898203
2016-12-30,lgbm,0,long_only,0.031161639016289336,0.031161639016289336,1.0701754385964912
2017-01-31,lgbm,0,long_only,0.029540226736449623,0.029540226736449623,1.4795321637426901
2017-02-28,lgbm,0,long_only,-0.013602690038345518,-0.013602690038345518,1.3532934131736527
2017-03-31,lgbm,0,long_only,0.03472600090508457,0.03472600090508457,1.407185628742515
2017-04-28,lgbm,0,long_only,-0.03364255081273628,-0.03364255081273628,1.3233532934131738
2017-05-31,lgbm,0,long_only,0.03436797294639417,0.03436797294639417,1.2826747720364742
2017-06-30,lgbm,0,long_only,-0.007259181489749964,-0.007259181489749964,1.4218289085545723
2017-07-31,lgbm,0,long_only,-0.0158952361176655,-0.0158952361176655,1.345132743362832
2017-08-31,lgbm,0,long_only,0.07615186494884052,0.07615186494884052,1.3680981595092025
2017-09-29,lgbm,0,long_only,-0.031095160521171727,-0.031095160521171727,1.3795180722891567
2017-10-31,lgbm,0,long_only,0.0482436023815495,0.0482436023815495,1.3313253012048194
2017-11-30,lgbm,0,long_only,0.027970446566307764,0.027970446566307764,1.437125748502994
2017-12-29,lgbm,0,long_only,0.02354503856533055,0.02354503856533055,1.263768115942029
2018-01-31,lgbm,0,long_only,-0.02745443261363722,-0.02745443261363722,1.6115942028985508
2018-02-28,lgbm,0,long_only,0.0020805035012724017,0.0020805035012724017,1.3313953488372092
2018-03-29,lgbm,0,long_only,0.04024099007036028,0.04024099007036028,1.2923976608187135
2018-04-30,lgbm,0,long_only,0.060096023403351996,0.060096023403351996,1.2700296735905046
2018-05-31,lgbm,0,long_only,-0.0020382237311031776,-0.0020382237311031776,1.1761194029850748
2018-06-29,lgbm,0,long_only,0.013318879335884876,0.013318879335884876,1.1494252873563218
2018-07-31,lgbm,0,long_only,0.04788156433002978,0.04788156433002978,1.206896551724138
2018-08-31,lgbm,0,long_only,-0.03426994499684558,-0.03426994499684558,1.2455089820359282
2018-09-28,lgbm,0,long_only,-0.14108921768787105,-0.14108921768787105,1.136094674556213
2018-10-31,lgbm,0,long_only,-0.015212432286590003,-0.015212432286590003,1.2958579881656804
2018-11-30,lgbm,0,long_only,-0.14757400291105777,-0.14757400291105777,1.3452380952380951
2018-12-31,lgbm,0,long_only,0.12756841538465746,0.12756841538465746,1.3633633633633633
2019-01-31,lgbm,0,long_only,0.05116898839433202,0.05116898839433202,1.6456456456456456
2019-02-28,lgbm,0,long_only,-0.030653601183411115,-0.030653601183411115,1.4338461538461538
2019-03-29,lgbm,0,long_only,0.015244750801190027,0.015244750801190027,1.4242424242424243
2019-04-30,lgbm,0,long_only,-0.06996836065142555,-0.06996836065142555,1.303030303030303
2019-05-31,lgbm,0,long_only,0.09478660022825645,0.09478660022825645,1.3907692307692308
2019-06-28,lgbm,0,long_only,-0.008579612572489464,-0.008579612572489464,1.4431137724550898
2019-07-31,lgbm,0,long_only,-0.051258733216409634,-0.051258733216409634,1.44311377245509
2019-08-30,lgbm,0,long_only,0.02559159915505607,0.02559159915505607,1.5046439628482973
2019-09-30,lgbm,0,long_only,0.0562243643764919,0.0562243643764919,1.3126934984520124
2019-10-31,lgbm,0,long_only,0.041433655489894354,0.041433655489894354,1.4241486068111455
2019-11-29,lgbm,0,long_only,0.07309407688795712,0.07309407688795712,1.4312500000000001
2019-12-31,lgbm,0,long_only,-0.04614774366467051,-0.04614774366467051,1.319402985074627
2020-01-31,lgbm,0,long_only,-0.08064183819101882,-0.08064183819101882,1.3970149253731343
2020-03-31,lgbm,0,long_only,0.33182827189756037,0.33182827189756037,1.4790419161676647
2020-04-30,lgbm,0,long_only,0.13651152338062347,0.13651152338062347,1.2242424242424241
2020-05-29,lgbm,0,long_only,0.02195928233673433,0.02195928233673433,1.2283950617283952
2020-06-30,lgbm,0,long_only,0.03701919198771839,0.03701919198771839,1.1715976331360947
2020-07-31,lgbm,0,long_only,0.06108981243463202,0.06108981243463202,1.1242603550295858
2020-08-31,lgbm,0,long_only,-0.035208235411372434,-0.035208235411372434,1.2275449101796407
2020-09-30,lgbm,0,long_only,0.0032859874841567964,0.0032859874841567964,1.0658682634730539
2020-10-30,lgbm,0,long_only,0.21638789383140364,0.21638789383140364,1.0574018126888218
2020-11-30,lgbm,0,long_only,0.10347518315894434,0.10347518315894434,1.19533527696793
2020-12-31,lgbm,0,long_only,0.14134640197732565,0.14134640197732565,1.1086350974930361
2021-01-29,lgbm,0,long_only,0.03609834812211169,0.03609834812211169,1.4408602150537635
2021-02-26,lgbm,0,long_only,-0.08999489342702349,-0.08999489342702349,0.4791666666666668
2021-03-31,lgbm,0,long_only,-0.004337977332127399,-0.004337977332127399,0.40826873385012913
2021-04-30,lgbm,0,long_only,0.007716739057264114,0.007716739057264114,0.4031007751937984
2021-05-28,lgbm,0,long_only,0.04727301299269909,0.04727301299269909,0.5646437994722955
2021-06-30,lgbm,0,long_only,-0.050125541746141485,-0.050125541746141485,0.36408977556109723
2021-07-30,lgbm,0,long_only,0.004906690137749457,0.004906690137749457,0.399002493765586
2021-08-31,lgbm,0,long_only,-0.03971723706802951,-0.03971723706802951,0.5319148936170213
2021-09-30,lgbm,0,long_only,0.022395421975511358,0.022395421975511358,0.3263157894736842
2021-10-29,lgbm,0,long_only,-0.08775555330827355,-0.08775555330827355,0.3263157894736842
2021-11-30,lgbm,0,long_only,0.020359887221010082,0.020359887221010082,0.5091863517060368
2021-12-31,lgbm,0,long_only,-0.11056902341326015,-0.11056902341326015,0.3072916666666667
2022-01-31,lgbm,0,long_only,-0.04603435001955923,-0.04603435001955923,1.5052083333333333
2022-02-28,lgbm,0,long_only,0.05698663701746103,0.05698663701746103,1.1601049868766404
2022-03-31,lgbm,0,long_only,-0.10256904787946927,-0.10256904787946927,1.1884816753926701
2022-04-29,lgbm,0,long_only,-0.05340990688228532,-0.05340990688228532,1.219895287958115
2022-05-31,lgbm,0,long_only,-0.055410685925272964,-0.055410685925272964,1.2884097035040432
2022-06-30,lgbm,0,long_only,0.10743923249817305,0.10743923249817305,1.3153638814016173
2022-07-29,lgbm,0,long_only,0.02347059185628105,0.02347059185628105,1.3296703296703296
2022-08-31,lgbm,0,long_only,-0.08142015829982267,-0.08142015829982267,1.263456090651558
2022-09-30,lgbm,0,long_only,0.03505419344225072,0.03505419344225072,0.9631728045325779
2022-10-31,lgbm,0,long_only,0.027239457432469635,0.027239457432469635,1.1282051282051282
2022-11-30,lgbm,0,long_only,-0.04653975434062744,-0.04653975434062744,1.0965909090909092
2022-12-30,lgbm,0,long_only,0.1622502430057774,0.1622502430057774,1.0364145658263306
2023-01-31,lgbm,0,long_only,-0.06796092630586378,-0.06796092630586378,1.3278688524590163
2023-02-28,lgbm,0,long_only,-0.05425319058566229,-0.05425319058566229,1.1202185792349726
2023-03-31,lgbm,0,long_only,-0.0550831857769163,-0.0550831857769163,1.0734463276836157
2023-04-28,lgbm,0,long_only,0.010813134549044857,0.010813134549044857,1.0517241379310345
2023-05-31,lgbm,0,long_only,0.05450851081992606,0.05450851081992606,1.2176470588235295
2023-06-30,lgbm,0,long_only,0.06777071695330339,0.06777071695330339,1.1048158640226629
2023-07-31,lgbm,0,long_only,-0.06692233806095668,-0.06692233806095668,1.0538243626062322
2023-08-31,lgbm,0,long_only,-0.12684977793290483,-0.12684977793290483,1.128654970760234
2023-09-29,lgbm,0,long_only,-0.0997378603720702,-0.0997378603720702,1.002967359050445
2023-10-31,lgbm,0,long_only,0.15387021837325238,0.15387021837325238,1.148936170212766
2016-01-29,lgbm,5,long_only,0.03916821748768227,0.03866821748768227,1.0
2016-02-29,lgbm,5,long_only,0.04546486140975324,0.04484757745913596,1.2345679012345678
2016-03-31,lgbm,5,long_only,0.050377344736794234,0.049798728384592976,1.1572327044025157
2016-04-29,lgbm,5,long_only,-0.0028351289396718973,-0.0034577704491058595,1.2452830188679245
2016-05-31,lgbm,5,long_only,-0.025130646560675204,-0.02572566213699919,1.190031152647975
2016-06-30,lgbm,5,long_only,0.05468716431654704,0.0540666823888362,1.2409638554216866
2016-07-29,lgbm,5,long_only,0.031574265258267155,0.030968843571520167,1.210843373493976
2016-08-31,lgbm,5,long_only,0.03790429636323644,0.0372912932672612,1.2260061919504643
2016-09-30,lgbm,5,long_only,-0.056851697853400995,-0.05742225000064026,1.1411042944785277
2016-10-31,lgbm,5,long_only,0.08533642452616712,0.084772007348253,1.1288343558282208
2016-11-30,lgbm,5,long_only,0.008539964013194276,0.007983077785649367,1.1137724550898203
2016-12-30,lgbm,5,long_only,0.031161639016289336,0.03062655129699109,1.0701754385964912
2017-01-31,lgbm,5,long_only,0.029540226736449623,0.028800460654578277,1.4795321637426901
2017-02-28,lgbm,5,long_only,-0.013602690038345518,-0.014279336744932345,1.3532934131736527
2017-03-31,lgbm,5,long_only,0.03472600090508457,0.03402240809071331,1.407185628742515
2017-04-28,lgbm,5,long_only,-0.03364255081273628,-0.034304227459442865,1.3233532934131738
2017-05-31,lgbm,5,long_only,0.03436797294639417,0.03372663556037593,1.2826747720364742
2017-06-30,lgbm,5,long_only,-0.007259181489749964,-0.00797009594402725,1.4218289085545723
2017-07-31,lgbm,5,long_only,-0.0158952361176655,-0.016567802489346917,1.345132743362832
2017-08-31,lgbm,5,long_only,0.07615186494884052,0.07546781586908592,1.3680981595092025
2017-09-29,lgbm,5,long_only,-0.031095160521171727,-0.031784919557316306,1.3795180722891567
2017-10-31,lgbm,5,long_only,0.0482436023815495,0.04757793973094709,1.3313253012048194
2017-11-30,lgbm,5,long_only,0.027970446566307764,0.027251883692056268,1.437125748502994
2017-12-29,lgbm,5,long_only,0.02354503856533055,0.022913154507359534,1.263768115942029
2018-01-31,lgbm,5,long_only,-0.02745443261363722,-0.028260229715086498,1.6115942028985508
2018-02-28,lgbm,5,long_only,0.0020805035012724017,0.0014148058268537971,1.3313953488372092
2018-03-29,lgbm,5,long_only,0.04024099007036028,0.03959479123995092,1.2923976608187135
2018-04-30,lgbm,5,long_only,0.060096023403351996,0.05946100856655674,1.2700296735905046
2018-05-31,lgbm,5,long_only,-0.0020382237311031776,-0.002626283432595715,1.1761194029850748
2018-06-29,lgbm,5,long_only,0.013318879335884876,0.012744166692206715,1.1494252873563218
2018-07-31,lgbm,5,long_only,0.04788156433002978,0.047278116054167714,1.206896551724138
2018-08-31,lgbm,5,long_only,-0.03426994499684558,-0.03489269948786355,1.2455089820359282
2018-09-28,lgbm,5,long_only,-0.14108921768787105,-0.14165726502514916,1.136094674556213
2018-10-31,lgbm,5,long_only,-0.015212432286590003,-0.015860361280672843,1.2958579881656804
2018-11-30,lgbm,5,long_only,-0.14757400291105777,-0.14824662195867683,1.3452380952380951
2018-12-31,lgbm,5,long_only,0.12756841538465746,0.1268867337029758,1.3633633633633633
2019-01-31,lgbm,5,long_only,0.05116898839433202,0.05034616557150919,1.6456456456456456
2019-02-28,lgbm,5,long_only,-0.030653601183411115,-0.031370524260334195,1.4338461538461538
2019-03-29,lgbm,5,long_only,0.015244750801190027,0.014532629589068815,1.4242424242424243
2019-04-30,lgbm,5,long_only,-0.06996836065142555,-0.0706198758029407,1.303030303030303
2019-05-31,lgbm,5,long_only,0.09478660022825645,0.09409121561287184,1.3907692307692308
2019-06-28,lgbm,5,long_only,-0.008579612572489464,-0.009301169458717009,1.4431137724550898
2019-07-31,lgbm,5,long_only,-0.051258733216409634,-0.05198029010263718,1.44311377245509
2019-08-30,lgbm,5,long_only,0.02559159915505607,0.02483927717363192,1.5046439628482973
2019-09-30,lgbm,5,long_only,0.0562243643764919,0.05556801762726589,1.3126934984520124
2019-10-31,lgbm,5,long_only,0.041433655489894354,0.04072158118648878,1.4241486068111455
2019-11-29,lgbm,5,long_only,0.07309407688795712,0.07237845188795712,1.4312500000000001
2019-12-31,lgbm,5,long_only,-0.04614774366467051,-0.046807445157207826,1.319402985074627
2020-01-31,lgbm,5,long_only,-0.08064183819101882,-0.08134034565370539,1.3970149253731343
2020-03-31,lgbm,5,long_only,0.33182827189756037,0.33108875093947654,1.4790419161676647
2020-04-30,lgbm,5,long_only,0.13651152338062347,0.13589940216850227,1.2242424242424241
2020-05-29,lgbm,5,long_only,0.02195928233673433,0.021345084805870135,1.2283950617283952
2020-06-30,lgbm,5,long_only,0.03701919198771839,0.036433393171150345,1.1715976331360947
2020-07-31,lgbm,5,long_only,0.06108981243463202,0.06052768225711722,1.1242603550295858
2020-08-31,lgbm,5,long_only,-0.035208235411372434,-0.03582200786646225,1.2275449101796407
2020-09-30,lgbm,5,long_only,0.0032859874841567964,0.0027530533524202693,1.0658682634730539
2020-10-30,lgbm,5,long_only,0.21638789383140364,0.21585919292505923,1.0574018126888218
2020-11-30,lgbm,5,long_only,0.10347518315894434,0.10287751552046037,1.19533527696793
2020-12-31,lgbm,5,long_only,0.14134640197732565,0.14079208442857913,1.1086350974930361
2021-01-29,lgbm,5,long_only,0.03609834812211169,0.03537791801458481,1.4408602150537635
2021-02-26,lgbm,5,long_only,-0.08999489342702349,-0.09023447676035683,0.4791666666666668
2021-03-31,lgbm,5,long_only,-0.004337977332127399,-0.004542111699052464,0.40826873385012913
2021-04-30,lgbm,5,long_only,0.007716739057264114,0.007515188669667215,0.4031007751937984
2021-05-28,lgbm,5,long_only,0.04727301299269909,0.046990691092962944,0.5646437994722955
2021-06-30,lgbm,5,long_only,-0.050125541746141485,-0.050307586633922034,0.36408977556109723
2021-07-30,lgbm,5,long_only,0.004906690137749457,0.004707188890866664,0.399002493765586
2021-08-31,lgbm,5,long_only,-0.03971723706802951,-0.03998319451483802,0.5319148936170213
2021-09-30,lgbm,5,long_only,0.022395421975511358,0.022232264080774517,0.3263157894736842
2021-10-29,lgbm,5,long_only,-0.08775555330827355,-0.08791871120301038,0.3263157894736842
2021-11-30,lgbm,5,long_only,0.020359887221010082,0.020105294045157065,0.5091863517060368
2021-12-31,lgbm,5,long_only,-0.11056902341326015,-0.11072266924659348,0.3072916666666667
2022-01-31,lgbm,5,long_only,-0.04603435001955923,-0.046786954186225894,1.5052083333333333
2022-02-28,lgbm,5,long_only,0.05698663701746103,0.05640658452402271,1.1601049868766404
2022-03-31,lgbm,5,long_only,-0.10256904787946927,-0.10316328871716561,1.1884816753926701
2022-04-29,lgbm,5,long_only,-0.05340990688228532,-0.05401985452626438,1.219895287958115
2022-05-31,lgbm,5,long_only,-0.055410685925272964,-0.05605489077702498,1.2884097035040432
2022-06-30,lgbm,5,long_only,0.10743923249817305,0.10678155055747225,1.3153638814016173
2022-07-29,lgbm,5,long_only,0.02347059185628105,0.022805756691445883,1.3296703296703296
2022-08-31,lgbm,5,long_only,-0.08142015829982267,-0.08205188634514846,1.263456090651558
2022-09-30,lgbm,5,long_only,0.03505419344225072,0.03457260703998443,0.9631728045325779
2022-10-31,lgbm,5,long_only,0.027239457432469635,0.02667535486836707,1.1282051282051282
2022-11-30,lgbm,5,long_only,-0.04653975434062744,-0.04708804979517289,1.0965909090909092
2022-12-30,lgbm,5,long_only,0.1622502430057774,0.16173203572286424,1.0364145658263306
2023-01-31,lgbm,5,long_only,-0.06796092630586378,-0.0686248607320933,1.3278688524590163
2023-02-28,lgbm,5,long_only,-0.05425319058566229,-0.054813299875279775,1.1202185792349726
2023-03-31,lgbm,5,long_only,-0.0550831857769163,-0.05561990894075811,1.0734463276836157
2023-04-28,lgbm,5,long_only,0.010813134549044857,0.01028727248007934,1.0517241379310345
2023-05-31,lgbm,5,long_only,0.05450851081992606,0.053899687290514295,1.2176470588235295
2023-06-30,lgbm,5,long_only,0.06777071695330339,0.06721830902129206,1.1048158640226629
2023-07-31,lgbm,5,long_only,-0.06692233806095668,-0.0674492502422598,1.0538243626062322
2023-08-31,lgbm,5,long_only,-0.12684977793290483,-0.12741410541828496,1.128654970760234
2023-09-29,lgbm,5,long_only,-0.0997378603720702,-0.10023934405159543,1.002967359050445
2023-10-31,lgbm,5,long_only,0.15387021837325238,0.153295750288146,1.148936170212766
2016-01-29,lgbm,10,long_only,0.03916821748768227,0.03816821748768227,1.0
2016-02-29,lgbm,10,long_only,0.04546486140975324,0.044230293508518675,1.2345679012345678
2016-03-31,lgbm,10,long_only,0.050377344736794234,0.04922011203239172,1.1572327044025157
2016-04-29,lgbm,10,long_only,-0.0028351289396718973,-0.004080411958539822,1.2452830188679245
2016-05-31,lgbm,10,long_only,-0.025130646560675204,-0.02632067771332318,1.190031152647975
2016-06-30,lgbm,10,long_only,0.05468716431654704,0.05344620046112535,1.2409638554216866
2016-07-29,lgbm,10,long_only,0.031574265258267155,0.03036342188477318,1.210843373493976
2016-08-31,lgbm,10,long_only,0.03790429636323644,0.036678290171285974,1.2260061919504643
2016-09-30,lgbm,10,long_only,-0.056851697853400995,-0.057992802147879524,1.1411042944785277
2016-10-31,lgbm,10,long_only,0.08533642452616712,0.0842075901703389,1.1288343558282208
2016-11-30,lgbm,10,long_only,0.008539964013194276,0.007426191558104455,1.1137724550898203
2016-12-30,lgbm,10,long_only,0.031161639016289336,0.030091463577692844,1.0701754385964912
2017-01-31,lgbm,10,long_only,0.029540226736449623,0.02806069457270693,1.4795321637426901
2017-02-28,lgbm,10,long_only,-0.013602690038345518,-0.014955983451519172,1.3532934131736527
2017-03-31,lgbm,10,long_only,0.03472600090508457,0.033318815276342055,1.407185628742515
2017-04-28,lgbm,10,long_only,-0.03364255081273628,-0.034965904106149456,1.3233532934131738
2017-05-31,lgbm,10,long_only,0.03436797294639417,0.033085298174357694,1.2826747720364742
2017-06-30,lgbm,10,long_only,-0.007259181489749964,-0.008681010398304536,1.4218289085545723
2017-07-31,lgbm,10,long_only,-0.0158952361176655,-0.01724036886102833,1.345132743362832
2017-08-31,lgbm,10,long_only,0.07615186494884052,0.07478376678933132,1.3680981595092025
2017-09-29,lgbm,10,long_only,-0.031095160521171727,-0.032474678593460884,1.3795180722891567
2017-10-31,lgbm,10,long_only,0.0482436023815495,0.04691227708034468,1.3313253012048194
2017-11-30,lgbm,10,long_only,0.027970446566307764,0.02653332081780477,1.437125748502994
2017-12-29,lgbm,10,long_only,0.02354503856533055,0.022281270449388522,1.263768115942029
2018-01-31,lgbm,10,long_only,-0.02745443261363722,-0.02906602681653577,1.6115942028985508
2018-02-28,lgbm,10,long_only,0.0020805035012724017,0.0007491081524351924,1.3313953488372092
2018-03-29,lgbm,10,long_only,0.04024099007036028,0.038948592409541564,1.2923976608187135
2018-04-30,lgbm,10,long_only,0.060096023403351996,0.058825993729761494,1.2700296735905046
2018-05-31,lgbm,10,long_only,-0.0020382237311031776,-0.0032143431340882524,1.1761194029850748
2018-06-29,lgbm,10,long_only,0.013318879335884876,0.012169454048528554,1.1494252873563218
2018-07-31,lgbm,10,long_only,0.04788156433002978,0.046674667778305645,1.206896551724138
2018-08-31,lgbm,10,long_only,-0.03426994499684558,-0.03551545397888151,1.2455089820359282
2018-09-28,lgbm,10,long_only,-0.14108921768787105,-0.14222531236242728,1.136094674556213
2018-10-31,lgbm,10,long_only,-0.015212432286590003,-0.016508290274755685,1.2958579881656804
2018-11-30,lgbm,10,long_only,-0.14757400291105777,-0.14891924100629586,1.3452380952380951
2018-12-31,lgbm,10,long_only,0.12756841538465746,0.1262050520212941,1.3633633633633633
2019-01-31,lgbm,10,long_only,0.05116898839433202,0.049523342748686375,1.6456456456456456
2019-02-28,lgbm,10,long_only,-0.030653601183411115,-0.03208744733725727,1.4338461538461538
2019-03-29,lgbm,10,long_only,0.015244750801190027,0.013820508376947602,1.4242424242424243
2019-04-30,lgbm,10,long_only,-0.06996836065142555,-0.07127139095445585,1.303030303030303
2019-05-31,lgbm,10,long_only,0.09478660022825645,0.09339583099748722,1.3907692307692308
2019-06-28,lgbm,10,long_only,-0.008579612572489464,-0.010022726344944555,1.4431137724550898
2019-07-31,lgbm,10,long_only,-0.051258733216409634,-0.05270184698886472,1.44311377245509
2019-08-30,lgbm,10,long_only,0.02559159915505607,0.02408695519220777,1.5046439628482973
2019-09-30,lgbm,10,long_only,0.0562243643764919,0.05491167087803989,1.3126934984520124
2019-10-31,lgbm,10,long_only,0.041433655489894354,0.04000950688308321,1.4241486068111455
2019-11-29,lgbm,10,long_only,0.07309407688795712,0.07166282688795712,1.4312500000000001
2019-12-31,lgbm,10,long_only,-0.04614774366467051,-0.04746714664974514,1.319402985074627
2020-01-31,lgbm,10,long_only,-0.08064183819101882,-0.08203885311639195,1.3970149253731343
2020-03-31,lgbm,10,long_only,0.33182827189756037,0.3303492299813927,1.4790419161676647
2020-04-30,lgbm,10,long_only,0.13651152338062347,0.13528728095638104,1.2242424242424241
2020-05-29,lgbm,10,long_only,0.02195928233673433,0.020730887275005938,1.2283950617283952
2020-06-30,lgbm,10,long_only,0.03701919198771839,0.0358475943545823,1.1715976331360947
2020-07-31,lgbm,10,long_only,0.06108981243463202,0.059965552079602434,1.1242603550295858
2020-08-31,lgbm,10,long_only,-0.035208235411372434,-0.03643578032155208,1.2275449101796407
2020-09-30,lgbm,10,long_only,0.0032859874841567964,0.0022201192206837425,1.0658682634730539
2020-10-30,lgbm,10,long_only,0.21638789383140364,0.21533049201871482,1.0574018126888218
2020-11-30,lgbm,10,long_only,0.10347518315894434,0.10227984788197642,1.19533527696793
2020-12-31,lgbm,10,long_only,0.14134640197732565,0.1402377668798326,1.1086350974930361
2021-01-29,lgbm,10,long_only,0.03609834812211169,0.03465748790705793,1.4408602150537635
2021-02-26,lgbm,10,long_only,-0.08999489342702349,-0.09047406009369016,0.4791666666666668
2021-03-31,lgbm,10,long_only,-0.004337977332127399,-0.004746246065977528,0.40826873385012913
2021-04-30,lgbm,10,long_only,0.007716739057264114,0.007313638282070316,0.4031007751937984
2021-05-28,lgbm,10,long_only,0.04727301299269909,0.046708369193226795,0.5646437994722955
2021-06-30,lgbm,10,long_only,-0.050125541746141485,-0.050489631521702584,0.36408977556109723
2021-07-30,lgbm,10,long_only,0.004906690137749457,0.004507687643983871,0.399002493765586
2021-08-31,lgbm,10,long_only,-0.03971723706802951,-0.04024915196164653,0.5319148936170213
2021-09-30,lgbm,10,long_only,0.022395421975511358,0.022069106186037673,0.3263157894736842
2021-10-29,lgbm,10,long_only,-0.08775555330827355,-0.08808186909774723,0.3263157894736842
2021-11-30,lgbm,10,long_only,0.020359887221010082,0.019850700869304044,0.5091863517060368
2021-12-31,lgbm,10,long_only,-0.11056902341326015,-0.11087631507992682,0.3072916666666667
2022-01-31,lgbm,10,long_only,-0.04603435001955923,-0.047539558352892565,1.5052083333333333
2022-02-28,lgbm,10,long_only,0.05698663701746103,0.055826532030584394,1.1601049868766404
2022-03-31,lgbm,10,long_only,-0.10256904787946927,-0.10375752955486194,1.1884816753926701
2022-04-29,lgbm,10,long_only,-0.05340990688228532,-0.054629802170243436,1.219895287958115
2022-05-31,lgbm,10,long_only,-0.055410685925272964,-0.05669909562877701,1.2884097035040432
2022-06-30,lgbm,10,long_only,0.10743923249817305,0.10612386861677144,1.3153638814016173
2022-07-29,lgbm,10,long_only,0.02347059185628105,0.022140921526610718,1.3296703296703296
2022-08-31,lgbm,10,long_only,-0.08142015829982267,-0.08268361439047422,1.263456090651558
2022-09-30,lgbm,10,long_only,0.03505419344225072,0.03409102063771814,0.9631728045325779
2022-10-31,lgbm,10,long_only,0.027239457432469635,0.026111252304264507,1.1282051282051282
2022-11-30,lgbm,10,long_only,-0.04653975434062744,-0.04763634524971835,1.0965909090909092
2022-12-30,lgbm,10,long_only,0.1622502430057774,0.16121382843995105,1.0364145658263306
2023-01-31,lgbm,10,long_only,-0.06796092630586378,-0.0692887951583228,1.3278688524590163
2023-02-28,lgbm,10,long_only,-0.05425319058566229,-0.05537340916489726,1.1202185792349726
2023-03-31,lgbm,10,long_only,-0.0550831857769163,-0.05615663210459992,1.0734463276836157
2023-04-28,lgbm,10,long_only,0.010813134549044857,0.009761410411113822,1.0517241379310345
2023-05-31,lgbm,10,long_only,0.05450851081992606,0.05329086376110253,1.2176470588235295
2023-06-30,lgbm,10,long_only,0.06777071695330339,0.06666590108928072,1.1048158640226629
2023-07-31,lgbm,10,long_only,-0.06692233806095668,-0.06797616242356291,1.0538243626062322
2023-08-31,lgbm,10,long_only,-0.12684977793290483,-0.12797843290366506,1.128654970760234
2023-09-29,lgbm,10,long_only,-0.0997378603720702,-0.10074082773112066,1.002967359050445
2023-10-31,lgbm,10,long_only,0.15387021837325238,0.1527212822030396,1.148936170212766
2016-01-29,lgbm,20,long_only,0.03916821748768227,0.037168217487682266,1.0
2016-02-29,lgbm,20,long_only,0.04546486140975324,0.042995725607284103,1.2345679012345678
2016-03-31,lgbm,20,long_only,0.050377344736794234,0.0480628793279892,1.1572327044025157
2016-04-29,lgbm,20,long_only,-0.0028351289396718973,-0.0053256949774077465,1.2452830188679245
2016-05-31,lgbm,20,long_only,-0.025130646560675204,-0.027510708865971154,1.190031152647975
2016-06-30,lgbm,20,long_only,0.05468716431654704,0.05220523660570367,1.2409638554216866
2016-07-29,lgbm,20,long_only,0.031574265258267155,0.0291525785112792,1.210843373493976
2016-08-31,lgbm,20,long_only,0.03790429636323644,0.03545228397933551,1.2260061919504643
2016-09-30,lgbm,20,long_only,-0.056851697853400995,-0.05913390644235805,1.1411042944785277
2016-10-31,lgbm,20,long_only,0.08533642452616712,0.08307875581451067,1.1288343558282208
2016-11-30,lgbm,20,long_only,0.008539964013194276,0.0063124191030146356,1.1137724550898203
2016-12-30,lgbm,20,long_only,0.031161639016289336,0.029021288139096352,1.0701754385964912
2017-01-31,lgbm,20,long_only,0.029540226736449623,0.026581162408964243,1.4795321637426901
2017-02-28,lgbm,20,long_only,-0.013602690038345518,-0.016309276864692825,1.3532934131736527
2017-03-31,lgbm,20,long_only,0.03472600090508457,0.03191162964759954,1.407185628742515
2017-04-28,lgbm,20,long_only,-0.03364255081273628,-0.03628925739956263,1.3233532934131738
2017-05-31,lgbm,20,long_only,0.03436797294639417,0.03180262340232122,1.2826747720364742
2017-06-30,lgbm,20,long_only,-0.007259181489749964,-0.010102839306859108,1.4218289085545723
2017-07-31,lgbm,20,long_only,-0.0158952361176655,-0.018585501604391163,1.345132743362832
2017-08-31,lgbm,20,long_only,0.07615186494884052,0.07341566862982211,1.3680981595092025
2017-09-29,lgbm,20,long_only,-0.031095160521171727,-0.03385419666575004,1.3795180722891567
2017-10-31,lgbm,20,long_only,0.0482436023815495,0.04558095177913986,1.3313253012048194
2017-11-30,lgbm,20,long_only,0.027970446566307764,0.025096195069301774,1.437125748502994
2017-12-29,lgbm,20,long_only,0.02354503856533055,0.021017502333446493,1.263768115942029
2018-01-31,lgbm,20,long_only,-0.02745443261363722,-0.030677621019434324,1.6115942028985508
2018-02-28,lgbm,20,long_only,0.0020805035012724017,-0.000582287196402017,1.3313953488372092
2018-03-29,lgbm,20,long_only,0.04024099007036028,0.03765619474872285,1.2923976608187135
2018-04-30,lgbm,20,long_only,0.060096023403351996,0.057555964056170986,1.2700296735905046
2018-05-31,lgbm,20,long_only,-0.0020382237311031776,-0.004390462537073327,1.1761194029850748
2018-06-29,lgbm,20,long_only,0.013318879335884876,0.011020028761172232,1.1494252873563218
2018-07-31,lgbm,20,long_only,0.04788156433002978,0.04546777122658151,1.206896551724138
2018-08-31,lgbm,20,long_only,-0.03426994499684558,-0.03676096296091744,1.2455089820359282
2018-09-28,lgbm,20,long_only,-0.14108921768787105,-0.14336140703698347,1.136094674556213
2018-10-31,lgbm,20,long_only,-0.015212432286590003,-0.017804148262921364,1.2958579881656804
2018-11-30,lgbm,20,long_only,-0.14757400291105777,-0.15026447910153395,1.3452380952380951
2018-12-31,lgbm,20,long_only,0.12756841538465746,0.12484168865793073,1.3633633633633633
2019-01-31,lgbm,20,long_only,0.05116898839433202,0.047877697103040726,1.6456456456456456
2019-02-28,lgbm,20,long_only,-0.030653601183411115,-0.03352129349110342,1.4338461538461538
2019-03-29,lgbm,20,long_only,0.015244750801190027,0.012396265952705179,1.4242424242424243
2019-04-30,lgbm,20,long_only,-0.06996836065142555,-0.07257442125748616,1.303030303030303
2019-05-31,lgbm,20,long_only,0.09478660022825645,0.092005061766718,1.3907692307692308
2019-06-28,lgbm,20,long_only,-0.008579612572489464,-0.011465840117399644,1.4431137724550898
2019-07-31,lgbm,20,long_only,-0.051258733216409634,-0.05414496076131981,1.44311377245509
2019-08-30,lgbm,20,long_only,0.02559159915505607,0.022582311229359473,1.5046439628482973
2019-09-30,lgbm,20,long_only,0.0562243643764919,0.053598977379587874,1.3126934984520124
2019-10-31,lgbm,20,long_only,0.041433655489894354,0.03858535827627206,1.4241486068111455
2019-11-29,lgbm,20,long_only,0.07309407688795712,0.07023157688795711,1.4312500000000001
2019-12-31,lgbm,20,long_only,-0.04614774366467051,-0.048786549634819765,1.319402985074627
2020-01-31,lgbm,20,long_only,-0.08064183819101882,-0.08343586804176509,1.3970149253731343
2020-03-31,lgbm,20,long_only,0.33182827189756037,0.32887018806522506,1.4790419161676647
2020-04-30,lgbm,20,long_only,0.13651152338062347,0.13406303853213863,1.2242424242424241
2020-05-29,lgbm,20,long_only,0.02195928233673433,0.01950249221327754,1.2283950617283952
2020-06-30,lgbm,20,long_only,0.03701919198771839,0.0346759967214462,1.1715976331360947
2020-07-31,lgbm,20,long_only,0.06108981243463202,0.05884129172457285,1.1242603550295858
2020-08-31,lgbm,20,long_only,-0.035208235411372434,-0.037663325231731715,1.2275449101796407
2020-09-30,lgbm,20,long_only,0.0032859874841567964,0.0011542509572106886,1.0658682634730539
2020-10-30,lgbm,20,long_only,0.21638789383140364,0.214273090206026,1.0574018126888218
2020-11-30,lgbm,20,long_only,0.10347518315894434,0.10108451260500848,1.19533527696793
2020-12-31,lgbm,20,long_only,0.14134640197732565,0.13912913178233957,1.1086350974930361
2021-01-29,lgbm,20,long_only,0.03609834812211169,0.03321662769200416,1.4408602150537635
2021-02-26,lgbm,20,long_only,-0.08999489342702349,-0.09095322676035683,0.4791666666666668
2021-03-31,lgbm,20,long_only,-0.004337977332127399,-0.005154514799827658,0.40826873385012913
2021-04-30,lgbm,20,long_only,0.007716739057264114,0.006910537506876517,0.4031007751937984
2021-05-28,lgbm,20,long_only,0.04727301299269909,0.046143725393754505,0.5646437994722955
2021-06-30,lgbm,20,long_only,-0.050125541746141485,-0.050853721297263677,0.36408977556109723
2021-07-30,lgbm,20,long_only,0.004906690137749457,0.004108685150218285,0.399002493765586
2021-08-31,lgbm,20,long_only,-0.03971723706802951,-0.04078106685526355,0.5319148936170213
2021-09-30,lgbm,20,long_only,0.022395421975511358,0.021742790396563988,0.3263157894736842
2021-10-29,lgbm,20,long_only,-0.08775555330827355,-0.08840818488722091,0.3263157894736842
2021-11-30,lgbm,20,long_only,0.020359887221010082,0.019341514517598007,0.5091863517060368
2021-12-31,lgbm,20,long_only,-0.11056902341326015,-0.11118360674659349,0.3072916666666667
2022-01-31,lgbm,20,long_only,-0.04603435001955923,-0.0490447666862259,1.5052083333333333
2022-02-28,lgbm,20,long_only,0.05698663701746103,0.05466642704370775,1.1601049868766404
2022-03-31,lgbm,20,long_only,-0.10256904787946927,-0.10494601123025461,1.1884816753926701
2022-04-29,lgbm,20,long_only,-0.05340990688228532,-0.05584969745820155,1.219895287958115
2022-05-31,lgbm,20,long_only,-0.055410685925272964,-0.05798750533228105,1.2884097035040432
2022-06-30,lgbm,20,long_only,0.10743923249817305,0.10480850473536982,1.3153638814016173
2022-07-29,lgbm,20,long_only,0.02347059185628105,0.02081125119694039,1.3296703296703296
2022-08-31,lgbm,20,long_only,-0.08142015829982267,-0.08394707048112579,1.263456090651558
2022-09-30,lgbm,20,long_only,0.03505419344225072,0.033127847833185564,0.9631728045325779
2022-10-31,lgbm,20,long_only,0.027239457432469635,0.024983047176059377,1.1282051282051282
2022-11-30,lgbm,20,long_only,-0.04653975434062744,-0.048732936158809255,1.0965909090909092
2022-12-30,lgbm,20,long_only,0.1622502430057774,0.16017741387412474,1.0364145658263306
2023-01-31,lgbm,20,long_only,-0.06796092630586378,-0.07061666401078182,1.3278688524590163
2023-02-28,lgbm,20,long_only,-0.05425319058566229,-0.05649362774413223,1.1202185792349726
2023-03-31,lgbm,20,long_only,-0.0550831857769163,-0.05723007843228353,1.0734463276836157
2023-04-28,lgbm,20,long_only,0.010813134549044857,0.008709686273182788,1.0517241379310345
2023-05-31,lgbm,20,long_only,0.05450851081992606,0.052073216702279004,1.2176470588235295
2023-06-30,lgbm,20,long_only,0.06777071695330339,0.06556108522525807,1.1048158640226629
2023-07-31,lgbm,20,long_only,-0.06692233806095668,-0.06902998678616915,1.0538243626062322
2023-08-31,lgbm,20,long_only,-0.12684977793290483,-0.1291070878744253,1.128654970760234
2023-09-29,lgbm,20,long_only,-0.0997378603720702,-0.10174379509017109,1.002967359050445
2023-10-31,lgbm,20,long_only,0.15387021837325238,0.15157234603282685,1.148936170212766
2016-01-29,lgbm,0,long_short,0.020298126021199885,0.020298126021199885,2.0
2016-02-29,lgbm,0,long_short,-0.018218303544404076,-0.018218303544404076,2.648148148148148
2016-03-31,lgbm,0,long_short,-0.002851498621454976,-0.002851498621454976,2.3710691823899372
2016-04-29,lgbm,0,long_short,0.005515750063817066,0.005515750063817066,2.50314465408805
2016-05-31,lgbm,0,long_short,-0.00359545167873196,-0.00359545167873196,2.3551401869158877
2016-06-30,lgbm,0,long_short,0.0204610899112559,0.0204610899112559,2.2710843373493974
2016-07-29,lgbm,0,long_short,0.007109410535456893,0.007109410535456893,2.2650602409638556
2016-08-31,lgbm,0,long_short,0.03207712323295301,0.03207712323295301,2.222910216718266
2016-09-30,lgbm,0,long_short,-0.008871901006446468,-0.008871901006446468,2.085889570552147
2016-10-31,lgbm,0,long_short,0.030903634829550546,0.030903634829550546,2.3374233128834354
2016-11-30,lgbm,0,long_short,-0.003967786594723159,-0.003967786594723159,2.37125748502994
2016-12-30,lgbm,0,long_short,0.0017099536399553174,0.0017099536399553174,2.374269005847953
2017-01-31,lgbm,0,long_short,0.017074114794566792,0.017074114794566792,2.60233918128655
2017-02-28,lgbm,0,long_short,-0.018010677884078827,-0.018010677884078827,2.3053892215568865
2017-03-31,lgbm,0,long_short,0.029898685857038147,0.029898685857038147,2.5748502994011977
2017-04-28,lgbm,0,long_short,-0.028006387387812203,-0.028006387387812203,2.3832335329341316
2017-05-31,lgbm,0,long_short,0.0395811610541577,0.0395811610541577,2.297872340425532
2017-06-30,lgbm,0,long_short,-0.027972612267639103,-0.027972612267639103,2.489675516224189
2017-07-31,lgbm,0,long_short,-0.0004027821300507085,-0.0004027821300507085,2.56047197640118
2017-08-31,lgbm,0,long_short,0.04991243871734372,0.04991243871734372,2.6625766871165646
2017-09-29,lgbm,0,long_short,-0.018823380727505227,-0.018823380727505227,2.36144578313253
2017-10-31,lgbm,0,long_short,0.02736363161771382,0.02736363161771382,2.3734939759036147
2017-11-30,lgbm,0,long_short,-0.018839312004951713,-0.018839312004951713,2.6467065868263475
2017-12-29,lgbm,0,long_short,0.013510561945513878,0.013510561945513878,2.446376811594203
2018-01-31,lgbm,0,long_short,0.007280643298059567,0.007280643298059567,3.0434782608695654
2018-02-28,lgbm,0,long_short,0.0076447347761974625,0.0076447347761974625,2.3546511627906974
2018-03-29,lgbm,0,long_short,0.01760393552682899,0.01760393552682899,2.7134502923976607
2018-04-30,lgbm,0,long_short,0.016088271352329295,0.016088271352329295,2.56973293768546
2018-05-31,lgbm,0,long_short,0.0007692315183639058,0.0007692315183639058,2.5791044776119403
2018-06-29,lgbm,0,long_short,0.01689145567647731,0.01689145567647731,2.6206896551724137
2018-07-31,lgbm,0,long_short,0.0344299911513611,0.0344299911513611,2.609195402298851
2018-08-31,lgbm,0,long_short,-0.007545985685286554,-0.007545985685286554,2.6467065868263475
2018-09-28,lgbm,0,long_short,-0.012575509532522582,-0.012575509532522582,2.3431952662721893
2018-10-31,lgbm,0,long_short,0.001034399625214464,0.001034399625214464,2.757396449704142
2018-11-30,lgbm,0,long_short,-0.05067613746623558,-0.05067613746623558,2.7083333333333335
2018-12-31,lgbm,0,long_short,0.06733497151843665,0.06733497151843665,2.966966966966967
2019-01-31,lgbm,0,long_short,0.019633241265331856,0.019633241265331856,2.966966966966967
2019-02-28,lgbm,0,long_short,-0.021921528513195263,-0.021921528513195263,2.5538461538461537
2019-03-29,lgbm,0,long_short,0.025118195402999005,0.025118195402999005,2.4
2019-04-30,lgbm,0,long_short,-0.013173063161744053,-0.013173063161744053,2.6666666666666665
2019-05-31,lgbm,0,long_short,0.06335027941545891,0.06335027941545891,2.713846153846154
2019-06-28,lgbm,0,long_short,0.00806754960568269,0.00806754960568269,2.874251497005988
2019-07-31,lgbm,0,long_short,-0.03402191433415665,-0.03402191433415665,2.8263473053892216
2019-08-30,lgbm,0,long_short,0.03306185710100996,0.03306185710100996,2.8730650154798765
2019-09-30,lgbm,0,long_short,0.03253647542646073,0.03253647542646073,2.4458204334365328
2019-10-31,lgbm,0,long_short,0.014996214399267353,0.014996214399267353,2.6749226006191953
2019-11-29,lgbm,0,long_short,0.009106942175211121,0.009106942175211121,2.5875
2019-12-31,lgbm,0,long_short,0.007780681503996188,0.007780681503996188,2.6328358208955227
2020-01-31,lgbm,0,long_short,-0.058557345139260315,-0.058557345139260315,2.8537313432835822
2020-03-31,lgbm,0,long_short,0.20352463416995223,0.20352463416995223,3.0
2020-04-30,lgbm,0,long_short,0.004917394283559373,0.004917394283559373,2.715151515151515
2020-05-29,lgbm,0,long_short,0.006379679132554912,0.006379679132554912,2.617283950617284
2020-06-30,lgbm,0,long_short,0.0003378376654078602,0.0003378376654078602,2.142011834319527
2020-07-31,lgbm,0,long_short,0.04865399573377966,0.04865399573377966,2.0473372781065087
2020-08-31,lgbm,0,long_short,-0.014024496898328302,-0.014024496898328302,2.07185628742515
2020-09-30,lgbm,0,long_short,0.021232228813891724,0.021232228813891724,2.0239520958083834
2020-10-30,lgbm,0,long_short,0.10679606729960839,0.10679606729960839,2.1389728096676737
2020-11-30,lgbm,0,long_short,0.05712244786412353,0.05712244786412353,2.256559766763848
2020-12-31,lgbm,0,long_short,0.041035077678819754,0.041035077678819754,2.0167130919220053
2021-01-29,lgbm,0,long_short,0.009763401925627692,0.009763401925627692,3.198924731182796
2021-02-26,lgbm,0,long_short,0.006480104349998321,0.006480104349998321,2.041666666666667
2021-03-31,lgbm,0,long_short,0.008871029321458584,0.008871029321458584,1.9121447028423773
2021-04-30,lgbm,0,long_short,0.023689603522949625,0.023689603522949625,1.8242894056847545
2021-05-28,lgbm,0,long_short,-0.0017857388880853555,-0.0017857388880853555,2.1952506596306067
2021-06-30,lgbm,0,long_short,0.05299663766369761,0.05299663766369761,2.0399002493765583
2021-07-30,lgbm,0,long_short,0.009243981583777755,0.009243981583777755,2.0199501246882794
2021-08-31,lgbm,0,long_short,0.008342094614951645,0.008342094614951645,2.101063829787234
2021-09-30,lgbm,0,long_short,0.02795783528958125,0.02795783528958125,1.8157894736842104
2021-10-29,lgbm,0,long_short,0.032343206296623926,0.032343206296623926,1.8842105263157893
2021-11-30,lgbm,0,long_short,0.04606935552261717,0.04606935552261717,2.257217847769029
2021-12-31,lgbm,0,long_short,0.025587429226467912,0.025587429226467912,2.046875
2022-01-31,lgbm,0,long_short,-0.01712125808730893,-0.01712125808730893,2.828125
2022-02-28,lgbm,0,long_short,-0.007359357228070733,-0.007359357228070733,2.3989501312335957
2022-03-31,lgbm,0,long_short,0.054474425991811806,0.054474425991811806,2.4031413612565444
2022-04-29,lgbm,0,long_short,-0.015785398332562223,-0.015785398332562223,2.5706806282722514
2022-05-31,lgbm,0,long_short,0.025731884757607605,0.025731884757607605,2.5983827493261455
2022-06-30,lgbm,0,long_short,0.06437828416250363,0.06437828416250363,2.6307277628032346
2022-07-29,lgbm,0,long_short,-0.006547561389343978,-0.006547561389343978,2.7472527472527473
2022-08-31,lgbm,0,long_short,-0.015249605587235626,-0.015249605587235626,2.6062322946175636
2022-09-30,lgbm,0,long_short,0.029130516603754958,0.029130516603754958,2.0793201133144477
2022-10-31,lgbm,0,long_short,0.015189151454672135,0.015189151454672135,2.547008547008547
2022-11-30,lgbm,0,long_short,-0.004922691081398612,-0.004922691081398612,2.534090909090909
2022-12-30,lgbm,0,long_short,0.06435041531004829,0.06435041531004829,2.414565826330532
2023-01-31,lgbm,0,long_short,-0.01718049301782474,-0.01718049301782474,2.8688524590163933
2023-02-28,lgbm,0,long_short,-0.016258526870180957,-0.016258526870180957,2.5901639344262293
2023-03-31,lgbm,0,long_short,-0.031479724633173015,-0.031479724633173015,2.5028248587570623
2023-04-28,lgbm,0,long_short,0.02442719869202755,0.02442719869202755,2.2586206896551726
2023-05-31,lgbm,0,long_short,0.033639108784924696,0.033639108784924696,2.4647058823529413
2023-06-30,lgbm,0,long_short,0.040328331782579226,0.040328331782579226,2.3512747875354107
2023-07-31,lgbm,0,long_short,-0.006826466693712199,-0.006826466693712199,2.3739376770538243
2023-08-31,lgbm,0,long_short,-0.06366301941166348,-0.06366301941166348,2.456140350877193
2023-09-29,lgbm,0,long_short,-0.04849733414010217,-0.04849733414010217,2.1839762611275964
2023-10-31,lgbm,0,long_short,0.11363251338039274,0.11363251338039274,2.4376899696048633
2016-01-29,lgbm,5,long_short,0.020298126021199885,0.019298126021199884,2.0
2016-02-29,lgbm,5,long_short,-0.018218303544404076,-0.01954237761847815,2.648148148148148
2016-03-31,lgbm,5,long_short,-0.002851498621454976,-0.004037033212649945,2.3710691823899372
2016-04-29,lgbm,5,long_short,0.005515750063817066,0.004264177736773041,2.50314465408805
2016-05-31,lgbm,5,long_short,-0.00359545167873196,-0.004773021772189904,2.3551401869158877
2016-06-30,lgbm,5,long_short,0.0204610899112559,0.0193255477425812,2.2710843373493974
2016-07-29,lgbm,5,long_short,0.007109410535456893,0.005976880414974965,2.2650602409638556
2016-08-31,lgbm,5,long_short,0.03207712323295301,0.03096566812459388,2.222910216718266
2016-09-30,lgbm,5,long_short,-0.008871901006446468,-0.009914845791722542,2.085889570552147
2016-10-31,lgbm,5,long_short,0.030903634829550546,0.02973492317310883,2.3374233128834354
2016-11-30,lgbm,5,long_short,-0.003967786594723159,-0.005153415337238129,2.37125748502994
2016-12-30,lgbm,5,long_short,0.0017099536399553174,0.0005228191370313408,2.374269005847953
2017-01-31,lgbm,5,long_short,0.017074114794566792,0.015772945203923517,2.60233918128655
2017-02-28,lgbm,5,long_short,-0.018010677884078827,-0.01916337249485727,2.3053892215568865
2017-03-31,lgbm,5,long_short,0.029898685857038147,0.02861126070733755,2.5748502994011977
2017-04-28,lgbm,5,long_short,-0.028006387387812203,-0.02919800415427927,2.3832335329341316
2017-05-31,lgbm,5,long_short,0.0395811610541577,0.03843222488394494,2.297872340425532
2017-06-30,lgbm,5,long_short,-0.027972612267639103,-0.0292174500257512,2.489675516224189
2017-07-31,lgbm,5,long_short,-0.0004027821300507085,-0.0016830181182512986,2.56047197640118
2017-08-31,lgbm,5,long_short,0.04991243871734372,0.048581150373785444,2.6625766871165646
2017-09-29,lgbm,5,long_short,-0.018823380727505227,-0.02000410361907149,2.36144578313253
2017-10-31,lgbm,5,long_short,0.02736363161771382,0.026176884629762014,2.3734939759036147
2017-11-30,lgbm,5,long_short,-0.018839312004951713,-0.020162665298364888,2.6467065868263475
2017-12-29,lgbm,5,long_short,0.013510561945513878,0.012287373539716777,2.446376811594203
2018-01-31,lgbm,5,long_short,0.007280643298059567,0.005758904167624784,3.0434782608695654
2018-02-28,lgbm,5,long_short,0.0076447347761974625,0.006467409194802114,2.3546511627906974
2018-03-29,lgbm,5,long_short,0.01760393552682899,0.01624721038063016,2.7134502923976607
2018-04-30,lgbm,5,long_short,0.016088271352329295,0.014803404883486566,2.56973293768546
2018-05-31,lgbm,5,long_short,0.0007692315183639058,-0.0005203207204420644,2.5791044776119403
2018-06-29,lgbm,5,long_short,0.01689145567647731,0.015581110848891105,2.6206896551724137
2018-07-31,lgbm,5,long_short,0.0344299911513611,0.03312539345021167,2.609195402298851
2018-08-31,lgbm,5,long_short,-0.007545985685286554,-0.008869338978699728,2.6467065868263475
2018-09-28,lgbm,5,long_short,-0.012575509532522582,-0.013747107165658676,2.3431952662721893
2018-10-31,lgbm,5,long_short,0.001034399625214464,-0.00034429859963760697,2.757396449704142
2018-11-30,lgbm,5,long_short,-0.05067613746623558,-0.052030304132902244,2.7083333333333335
2018-12-31,lgbm,5,long_short,0.06733497151843665,0.06585148803495317,2.966966966966967
2019-01-31,lgbm,5,long_short,0.019633241265331856,0.018149757781848373,2.966966966966967
2019-02-28,lgbm,5,long_short,-0.021921528513195263,-0.02319845159011834,2.5538461538461537
2019-03-29,lgbm,5,long_short,0.025118195402999005,0.023918195402999005,2.4
2019-04-30,lgbm,5,long_short,-0.013173063161744053,-0.014506396495077387,2.6666666666666665
2019-05-31,lgbm,5,long_short,0.06335027941545891,0.06199335633853584,2.713846153846154
2019-06-28,lgbm,5,long_short,0.00806754960568269,0.006630423857179696,2.874251497005988
2019-07-31,lgbm,5,long_short,-0.03402191433415665,-0.03543508798685126,2.8263473053892216
2019-08-30,lgbm,5,long_short,0.03306185710100996,0.03162532459327002,2.8730650154798765
2019-09-30,lgbm,5,long_short,0.03253647542646073,0.03131356520974246,2.4458204334365328
2019-10-31,lgbm,5,long_short,0.014996214399267353,0.013658753098957754,2.6749226006191953
2019-11-29,lgbm,5,long_short,0.009106942175211121,0.007813192175211122,2.5875
2019-12-31,lgbm,5,long_short,0.007780681503996188,0.006464263593548427,2.6328358208955227
2020-01-31,lgbm,5,long_short,-0.058557345139260315,-0.059984210810902105,2.8537313432835822
2020-03-31,lgbm,5,long_short,0.20352463416995223,0.20202463416995223,3.0
2020-04-30,lgbm,5,long_short,0.004917394283559373,0.003559818525983616,2.715151515151515
2020-05-29,lgbm,5,long_short,0.006379679132554912,0.005071037157246269,2.617283950617284
2020-06-30,lgbm,5,long_short,0.0003378376654078602,-0.0007331682517519031,2.142011834319527
2020-07-31,lgbm,5,long_short,0.04865399573377966,0.04763032709472641,2.0473372781065087
2020-08-31,lgbm,5,long_short,-0.014024496898328302,-0.015060425042040877,2.07185628742515
2020-09-30,lgbm,5,long_short,0.021232228813891724,0.02022025276598753,2.0239520958083834
2020-10-30,lgbm,5,long_short,0.10679606729960839,0.10572658089477455,2.1389728096676737
2020-11-30,lgbm,5,long_short,0.05712244786412353,0.0559941679807416,2.256559766763848
2020-12-31,lgbm,5,long_short,0.041035077678819754,0.04002672113285875,2.0167130919220053
2021-01-29,lgbm,5,long_short,0.009763401925627692,0.008163939560036294,3.198924731182796
2021-02-26,lgbm,5,long_short,0.006480104349998321,0.005459271016664987,2.041666666666667
2021-03-31,lgbm,5,long_short,0.008871029321458584,0.007914956970037395,1.9121447028423773
2021-04-30,lgbm,5,long_short,0.023689603522949625,0.022777458820107246,1.8242894056847545
2021-05-28,lgbm,5,long_short,-0.0017857388880853555,-0.0028833642179006587,2.1952506596306067
2021-06-30,lgbm,5,long_short,0.05299663766369761,0.05197668753900933,2.0399002493765583
2021-07-30,lgbm,5,long_short,0.009243981583777755,0.008234006521433615,2.0199501246882794
2021-08-31,lgbm,5,long_short,0.008342094614951645,0.007291562700058028,2.101063829787234
2021-09-30,lgbm,5,long_short,0.02795783528958125,0.027049940552739148,1.8157894736842104
2021-10-29,lgbm,5,long_short,0.032343206296623926,0.03140110103346603,1.8842105263157893
2021-11-30,lgbm,5,long_short,0.04606935552261717,0.04494074659873266,2.257217847769029
2021-12-31,lgbm,5,long_short,0.025587429226467912,0.024563991726467914,2.046875
2022-01-31,lgbm,5,long_short,-0.01712125808730893,-0.01853532058730893,2.828125
2022-02-28,lgbm,5,long_short,-0.007359357228070733,-0.008558832293687531,2.3989501312335957
2022-03-31,lgbm,5,long_short,0.054474425991811806,0.05327285531118353,2.4031413612565444
2022-04-29,lgbm,5,long_short,-0.015785398332562223,-0.01707073864669835,2.5706806282722514
2022-05-31,lgbm,5,long_short,0.025731884757607605,0.024432693382944532,2.5983827493261455
2022-06-30,lgbm,5,long_short,0.06437828416250363,0.06306292028110201,2.6307277628032346
2022-07-29,lgbm,5,long_short,-0.006547561389343978,-0.007921187762970352,2.7472527472527473
2022-08-31,lgbm,5,long_short,-0.015249605587235626,-0.016552721734544407,2.6062322946175636
2022-09-30,lgbm,5,long_short,0.029130516603754958,0.028090856547097733,2.0793201133144477
2022-10-31,lgbm,5,long_short,0.015189151454672135,0.013915647181167862,2.547008547008547
2022-11-30,lgbm,5,long_short,-0.004922691081398612,-0.006189736535944066,2.534090909090909
2022-12-30,lgbm,5,long_short,0.06435041531004829,0.06314313239688302,2.414565826330532
2023-01-31,lgbm,5,long_short,-0.01718049301782474,-0.018614919247332936,2.8688524590163933
2023-02-28,lgbm,5,long_short,-0.016258526870180957,-0.017553608837394073,2.5901639344262293
2023-03-31,lgbm,5,long_short,-0.031479724633173015,-0.03273113706255155,2.5028248587570623
2023-04-28,lgbm,5,long_short,0.02442719869202755,0.023297888347199966,2.2586206896551726
2023-05-31,lgbm,5,long_short,0.033639108784924696,0.032406755843748226,2.4647058823529413
2023-06-30,lgbm,5,long_short,0.040328331782579226,0.03915269438881152,2.3512747875354107
2023-07-31,lgbm,5,long_short,-0.006826466693712199,-0.008013435532239111,2.3739376770538243
2023-08-31,lgbm,5,long_short,-0.06366301941166348,-0.06489108958710207,2.456140350877193
2023-09-29,lgbm,5,long_short,-0.04849733414010217,-0.04958932227066597,2.1839762611275964
2023-10-31,lgbm,5,long_short,0.11363251338039274,0.1124136683955903,2.4376899696048633
2016-01-29,lgbm,10,long_short,0.020298126021199885,0.018298126021199887,2.0
2016-02-29,lgbm,10,long_short,-0.018218303544404076,-0.020866451692552225,2.648148148148148
2016-03-31,lgbm,10,long_short,-0.002851498621454976,-0.005222567803844913,2.3710691823899372
2016-04-29,lgbm,10,long_short,0.005515750063817066,0.0030126054097290157,2.50314465408805
2016-05-31,lgbm,10,long_short,-0.00359545167873196,-0.0059505918656478475,2.3551401869158877
2016-06-30,lgbm,10,long_short,0.0204610899112559,0.0181900055739065,2.2710843373493974
2016-07-29,lgbm,10,long_short,0.007109410535456893,0.0048443502944930375,2.2650602409638556
2016-08-31,lgbm,10,long_short,0.03207712323295301,0.029854213016234744,2.222910216718266
2016-09-30,lgbm,10,long_short,-0.008871901006446468,-0.010957790576998616,2.085889570552147
2016-10-31,lgbm,10,long_short,0.030903634829550546,0.02856621151666711,2.3374233128834354
2016-11-30,lgbm,10,long_short,-0.003967786594723159,-0.0063390440797530985,2.37125748502994
2016-12-30,lgbm,10,long_short,0.0017099536399553174,-0.0006643153658926358,2.374269005847953
2017-01-31,lgbm,10,long_short,0.017074114794566792,0.014471775613280242,2.60233918128655
2017-02-28,lgbm,10,long_short,-0.018010677884078827,-0.020316067105635712,2.3053892215568865
2017-03-31,lgbm,10,long_short,0.029898685857038147,0.027323835557636948,2.5748502994011977
2017-04-28,lgbm,10,long_short,-0.028006387387812203,-0.030389620920746336,2.3832335329341316
2017-05-31,lgbm,10,long_short,0.0395811610541577,0.03728328871373217,2.297872340425532
2017-06-30,lgbm,10,long_short,-0.027972612267639103,-0.03046228778386329,2.489675516224189
2017-07-31,lgbm,10,long_short,-0.0004027821300507085,-0.0029632541064518888,2.56047197640118
2017-08-31,lgbm,10,long_short,0.04991243871734372,0.04724986203022716,2.6625766871165646
2017-09-29,lgbm,10,long_short,-0.018823380727505227,-0.021184826510637758,2.36144578313253
2017-10-31,lgbm,10,long_short,0.02736363161771382,0.024990137641810205,2.3734939759036147
2017-11-30,lgbm,10,long_short,-0.018839312004951713,-0.02148601859177806,2.6467065868263475
2017-12-29,lgbm,10,long_short,0.013510561945513878,0.011064185133919675,2.446376811594203
2018-01-31,lgbm,10,long_short,0.007280643298059567,0.004237165037190002,3.0434782608695654
2018-02-28,lgbm,10,long_short,0.0076447347761974625,0.005290083613406766,2.3546511627906974
2018-03-29,lgbm,10,long_short,0.01760393552682899,0.01489048523443133,2.7134502923976607
2018-04-30,lgbm,10,long_short,0.016088271352329295,0.013518538414643835,2.56973293768546
2018-05-31,lgbm,10,long_short,0.0007692315183639058,-0.0018098729592480347,2.5791044776119403
2018-06-29,lgbm,10,long_short,0.01689145567647731,0.014270766021304898,2.6206896551724137
2018-07-31,lgbm,10,long_short,0.0344299911513611,0.03182079574906225,2.609195402298851
2018-08-31,lgbm,10,long_short,-0.007545985685286554,-0.010192692272112901,2.6467065868263475
2018-09-28,lgbm,10,long_short,-0.012575509532522582,-0.014918704798794771,2.3431952662721893
2018-10-31,lgbm,10,long_short,0.001034399625214464,-0.001722996824489678,2.757396449704142
2018-11-30,lgbm,10,long_short,-0.05067613746623558,-0.053384470799568914,2.7083333333333335
2018-12-31,lgbm,10,long_short,0.06733497151843665,0.06436800455146968,2.966966966966967
2019-01-31,lgbm,10,long_short,0.019633241265331856,0.01666627429836489,2.966966966966967
2019-02-28,lgbm,10,long_short,-0.021921528513195263,-0.024475374667041416,2.5538461538461537
2019-03-29,lgbm,10,long_short,0.025118195402999005,0.022718195402999006,2.4
2019-04-30,lgbm,10,long_short,-0.013173063161744053,-0.01583972982841072,2.6666666666666665
2019-05-31,lgbm,10,long_short,0.06335027941545891,0.060636433261612756,2.713846153846154
2019-06-28,lgbm,10,long_short,0.00806754960568269,0.005193298108676702,2.874251497005988
2019-07-31,lgbm,10,long_short,-0.03402191433415665,-0.03684826163954587,2.8263473053892216
2019-08-30,lgbm,10,long_short,0.03306185710100996,0.030188792085530082,2.8730650154798765
2019-09-30,lgbm,10,long_short,0.03253647542646073,0.0300906549930242,2.4458204334365328
2019-10-31,lgbm,10,long_short,0.014996214399267353,0.012321291798648158,2.6749226006191953
2019-11-29,lgbm,10,long_short,0.009106942175211121,0.006519442175211122,2.5875
2019-12-31,lgbm,10,long_short,0.007780681503996188,0.005147845683100665,2.6328358208955227
2020-01-31,lgbm,10,long_short,-0.058557345139260315,-0.061411076482543896,2.8537313432835822
2020-03-31,lgbm,10,long_short,0.20352463416995223,0.20052463416995223,3.0
2020-04-30,lgbm,10,long_short,0.004917394283559373,0.0022022427684078583,2.715151515151515
2020-05-29,lgbm,10,long_short,0.006379679132554912,0.0037623951819376277,2.617283950617284
2020-06-30,lgbm,10,long_short,0.0003378376654078602,-0.0018041741689116665,2.142011834319527
2020-07-31,lgbm,10,long_short,0.04865399573377966,0.046606658455673154,2.0473372781065087
2020-08-31,lgbm,10,long_short,-0.014024496898328302,-0.01609635318575345,2.07185628742515
2020-09-30,lgbm,10,long_short,0.021232228813891724,0.01920827671808334,2.0239520958083834
2020-10-30,lgbm,10,long_short,0.10679606729960839,0.10465709448994072,2.1389728096676737
2020-11-30,lgbm,10,long_short,0.05712244786412353,0.054865888097359684,2.256559766763848
2020-12-31,lgbm,10,long_short,0.041035077678819754,0.039018364586897746,2.0167130919220053
2021-01-29,lgbm,10,long_short,0.009763401925627692,0.006564477194444897,3.198924731182796
2021-02-26,lgbm,10,long_short,0.006480104349998321,0.004438437683331653,2.041666666666667
2021-03-31,lgbm,10,long_short,0.008871029321458584,0.006958884618616207,1.9121447028423773
2021-04-30,lgbm,10,long_short,0.023689603522949625,0.02186531411726487,1.8242894056847545
2021-05-28,lgbm,10,long_short,-0.0017857388880853555,-0.003980989547715962,2.1952506596306067
2021-06-30,lgbm,10,long_short,0.05299663766369761,0.05095673741432105,2.0399002493765583
2021-07-30,lgbm,10,long_short,0.009243981583777755,0.007224031459089475,2.0199501246882794
2021-08-31,lgbm,10,long_short,0.008342094614951645,0.006241030785164411,2.101063829787234
2021-09-30,lgbm,10,long_short,0.02795783528958125,0.02614204581589704,1.8157894736842104
2021-10-29,lgbm,10,long_short,0.032343206296623926,0.030458995770308136,1.8842105263157893
2021-11-30,lgbm,10,long_short,0.04606935552261717,0.043812137674848144,2.257217847769029
2021-12-31,lgbm,10,long_short,0.025587429226467912,0.023540554226467912,2.046875
2022-01-31,lgbm,10,long_short,-0.01712125808730893,-0.019949383087308932,2.828125
2022-02-28,lgbm,10,long_short,-0.007359357228070733,-0.009758307359304328,2.3989501312335957
2022-03-31,lgbm,10,long_short,0.054474425991811806,0.05207128463055526,2.4031413612565444
2022-04-29,lgbm,10,long_short,-0.015785398332562223,-0.018356078960834476,2.5706806282722514
2022-05-31,lgbm,10,long_short,0.025731884757607605,0.02313350200828146,2.5983827493261455
2022-06-30,lgbm,10,long_short,0.06437828416250363,0.06174755639970039,2.6307277628032346
2022-07-29,lgbm,10,long_short,-0.006547561389343978,-0.009294814136596725,2.7472527472527473
2022-08-31,lgbm,10,long_short,-0.015249605587235626,-0.01785583788185319,2.6062322946175636
2022-09-30,lgbm,10,long_short,0.029130516603754958,0.02705119649044051,2.0793201133144477
2022-10-31,lgbm,10,long_short,0.015189151454672135,0.012642142907663589,2.547008547008547
2022-11-30,lgbm,10,long_short,-0.004922691081398612,-0.007456781990489521,2.534090909090909
2022-12-30,lgbm,10,long_short,0.06435041531004829,0.061935849483717755,2.414565826330532
2023-01-31,lgbm,10,long_short,-0.01718049301782474,-0.020049345476841132,2.8688524590163933
2023-02-28,lgbm,10,long_short,-0.016258526870180957,-0.018848690804607188,2.5901639344262293
2023-03-31,lgbm,10,long_short,-0.031479724633173015,-0.033982549491930074,2.5028248587570623
2023-04-28,lgbm,10,long_short,0.02442719869202755,0.022168578002372378,2.2586206896551726
2023-05-31,lgbm,10,long_short,0.033639108784924696,0.031174402902571754,2.4647058823529413
2023-06-30,lgbm,10,long_short,0.040328331782579226,0.03797705699504381,2.3512747875354107
2023-07-31,lgbm,10,long_short,-0.006826466693712199,-0.009200404370766023,2.3739376770538243
2023-08-31,lgbm,10,long_short,-0.06366301941166348,-0.06611915976254068,2.456140350877193
2023-09-29,lgbm,10,long_short,-0.04849733414010217,-0.050681310401229765,2.1839762611275964
2023-10-31,lgbm,10,long_short,0.11363251338039274,0.11119482341078787,2.4376899696048633
2016-01-29,lgbm,20,long_short,0.020298126021199885,0.016298126021199885,2.0
2016-02-29,lgbm,20,long_short,-0.018218303544404076,-0.02351459984070037,2.648148148148148
2016-03-31,lgbm,20,long_short,-0.002851498621454976,-0.007593636986234851,2.3710691823899372
2016-04-29,lgbm,20,long_short,0.005515750063817066,0.0005094607556409654,2.50314465408805
2016-05-31,lgbm,20,long_short,-0.00359545167873196,-0.008305732052563734,2.3551401869158877
2016-06-30,lgbm,20,long_short,0.0204610899112559,0.015918921236557103,2.2710843373493974
2016-07-29,lgbm,20,long_short,0.007109410535456893,0.0025792900535291817,2.2650602409638556
2016-08-31,lgbm,20,long_short,0.03207712323295301,0.027631302799516477,2.222910216718266
2016-09-30,lgbm,20,long_short,-0.008871901006446468,-0.013043680147550762,2.085889570552147
2016-10-31,lgbm,20,long_short,0.030903634829550546,0.026228788203783673,2.3374233128834354
2016-11-30,lgbm,20,long_short,-0.003967786594723159,-0.00871030156478304,2.37125748502994
2016-12-30,lgbm,20,long_short,0.0017099536399553174,-0.0030385843717405893,2.374269005847953
2017-01-31,lgbm,20,long_short,0.017074114794566792,0.011869436431993691,2.60233918128655
2017-02-28,lgbm,20,long_short,-0.018010677884078827,-0.0226214563271926,2.3053892215568865
2017-03-31,lgbm,20,long_short,0.029898685857038147,0.02474898525823575,2.5748502994011977
2017-04-28,lgbm,20,long_short,-0.028006387387812203,-0.032772854453680465,2.3832335329341316
2017-05-31,lgbm,20,long_short,0.0395811610541577,0.03498541637330664,2.297872340425532
2017-06-30,lgbm,20,long_short,-0.027972612267639103,-0.03295196330008748,2.489675516224189
2017-07-31,lgbm,20,long_short,-0.0004027821300507085,-0.0055237260828530695,2.56047197640118
2017-08-31,lgbm,20,long_short,0.04991243871734372,0.04458728534311059,2.6625766871165646
2017-09-29,lgbm,20,long_short,-0.018823380727505227,-0.023546272293770286,2.36144578313253
2017-10-31,lgbm,20,long_short,0.02736363161771382,0.022616643665906593,2.3734939759036147
2017-11-30,lgbm,20,long_short,-0.018839312004951713,-0.02413272517860441,2.6467065868263475
2017-12-29,lgbm,20,long_short,0.013510561945513878,0.008617808322325473,2.446376811594203
2018-01-31,lgbm,20,long_short,0.007280643298059567,0.0011936867763204361,3.0434782608695654
2018-02-28,lgbm,20,long_short,0.0076447347761974625,0.002935432450616068,2.3546511627906974
2018-03-29,lgbm,20,long_short,0.01760393552682899,0.01217703494203367,2.7134502923976607
2018-04-30,lgbm,20,long_short,0.016088271352329295,0.010948805476958375,2.56973293768546
2018-05-31,lgbm,20,long_short,0.0007692315183639058,-0.004388977436859975,2.5791044776119403
2018-06-29,lgbm,20,long_short,0.01689145567647731,0.011650076366132484,2.6206896551724137
2018-07-31,lgbm,20,long_short,0.0344299911513611,0.029211600346763397,2.609195402298851
2018-08-31,lgbm,20,long_short,-0.007545985685286554,-0.012839398858939248,2.6467065868263475
2018-09-28,lgbm,20,long_short,-0.012575509532522582,-0.017261900065066962,2.3431952662721893
2018-10-31,lgbm,20,long_short,0.001034399625214464,-0.00448039327419382,2.757396449704142
2018-11-30,lgbm,20,long_short,-0.05067613746623558,-0.05609280413290225,2.7083333333333335
2018-12-31,lgbm,20,long_short,0.06733497151843665,0.061401037584502716,2.966966966966967
2019-01-31,lgbm,20,long_short,0.019633241265331856,0.013699307331397922,2.966966966966967
2019-02-28,lgbm,20,long_short,-0.021921528513195263,-0.02702922082088757,2.5538461538461537
2019-03-29,lgbm,20,long_short,0.025118195402999005,0.020318195402999006,2.4
2019-04-30,lgbm,20,long_short,-0.013173063161744053,-0.018506396495077387,2.6666666666666665
2019-05-31,lgbm,20,long_short,0.06335027941545891,0.057922587107766606,2.713846153846154
2019-06-28,lgbm,20,long_short,0.00806754960568269,0.002319046611670714,2.874251497005988
2019-07-31,lgbm,20,long_short,-0.03402191433415665,-0.03967460894493509,2.8263473053892216
2019-08-30,lgbm,20,long_short,0.03306185710100996,0.027315727070050203,2.8730650154798765
2019-09-30,lgbm,20,long_short,0.03253647542646073,0.027644834559587664,2.4458204334365328
2019-10-31,lgbm,20,long_short,0.014996214399267353,0.009646369198028963,2.6749226006191953
2019-11-29,lgbm,20,long_short,0.009106942175211121,0.0039319421752111216,2.5875
2019-12-31,lgbm,20,long_short,0.007780681503996188,0.0025150098622051427,2.6328358208955227
2020-01-31,lgbm,20,long_short,-0.058557345139260315,-0.06426480782582748,2.8537313432835822
2020-03-31,lgbm,20,long_short,0.20352463416995223,0.19752463416995222,3.0
2020-04-30,lgbm,20,long_short,0.004917394283559373,-0.0005129087467436568,2.715151515151515
2020-05-29,lgbm,20,long_short,0.006379679132554912,0.0011451112313203438,2.617283950617284
2020-06-30,lgbm,20,long_short,0.0003378376654078602,-0.003946186003231193,2.142011834319527
2020-07-31,lgbm,20,long_short,0.04865399573377966,0.04455932117756664,2.0473372781065087
2020-08-31,lgbm,20,long_short,-0.014024496898328302,-0.0181682094731786,2.07185628742515
2020-09-30,lgbm,20,long_short,0.021232228813891724,0.017184324622274955,2.0239520958083834
2020-10-30,lgbm,20,long_short,0.10679606729960839,0.10251812168027304,2.1389728096676737
2020-11-30,lgbm,20,long_short,0.05712244786412353,0.05260932833059583,2.256559766763848
2020-12-31,lgbm,20,long_short,0.041035077678819754,0.037001651494975744,2.0167130919220053
2021-01-29,lgbm,20,long_short,0.009763401925627692,0.0033655524632621005,3.198924731182796
2021-02-26,lgbm,20,long_short,0.006480104349998321,0.002396771016664987,2.041666666666667
2021-03-31,lgbm,20,long_short,0.008871029321458584,0.00504673991577383,1.9121447028423773
2021-04-30,lgbm,20,long_short,0.023689603522949625,0.020041024711580115,1.8242894056847545
2021-05-28,lgbm,20,long_short,-0.0017857388880853555,-0.006176240207346569,2.1952506596306067
2021-06-30,lgbm,20,long_short,0.05299663766369761,0.04891683716494449,2.0399002493765583
2021-07-30,lgbm,20,long_short,0.009243981583777755,0.005204081334401196,2.0199501246882794
2021-08-31,lgbm,20,long_short,0.008342094614951645,0.004139966955377177,2.101063829787234
2021-09-30,lgbm,20,long_short,0.02795783528958125,0.024326256342212832,1.8157894736842104
2021-10-29,lgbm,20,long_short,0.032343206296623926,0.028574785243992346,1.8842105263157893
2021-11-30,lgbm,20,long_short,0.04606935552261717,0.04155491982707911,2.257217847769029
2021-12-31,lgbm,20,long_short,0.025587429226467912,0.021493679226467912,2.046875
2022-01-31,lgbm,20,long_short,-0.01712125808730893,-0.022777508087308933,2.828125
2022-02-28,lgbm,20,long_short,-0.007359357228070733,-0.012157257490537924,2.3989501312335957
2022-03-31,lgbm,20,long_short,0.054474425991811806,0.04966814326929872,2.4031413612565444
2022-04-29,lgbm,20,long_short,-0.015785398332562223,-0.020926759589106725,2.5706806282722514
2022-05-31,lgbm,20,long_short,0.025731884757607605,0.020535119258955313,2.5983827493261455
2022-06-30,lgbm,20,long_short,0.06437828416250363,0.059116828636897156,2.6307277628032346
2022-07-29,lgbm,20,long_short,-0.006547561389343978,-0.012042066883849473,2.7472527472527473
2022-08-31,lgbm,20,long_short,-0.015249605587235626,-0.020462070176470754,2.6062322946175636
2022-09-30,lgbm,20,long_short,0.029130516603754958,0.024971876377126064,2.0793201133144477
2022-10-31,lgbm,20,long_short,0.015189151454672135,0.010095134360655041,2.547008547008547
2022-11-30,lgbm,20,long_short,-0.004922691081398612,-0.009990872899580429,2.534090909090909
2022-12-30,lgbm,20,long_short,0.06435041531004829,0.05952128365738722,2.414565826330532
2023-01-31,lgbm,20,long_short,-0.01718049301782474,-0.022918197935857525,2.8688524590163933
2023-02-28,lgbm,20,long_short,-0.016258526870180957,-0.021438854739033418,2.5901639344262293
2023-03-31,lgbm,20,long_short,-0.031479724633173015,-0.03648537435068714,2.5028248587570623
2023-04-28,lgbm,20,long_short,0.02442719869202755,0.019909957312717205,2.2586206896551726
2023-05-31,lgbm,20,long_short,0.033639108784924696,0.028709697020218812,2.4647058823529413
2023-06-30,lgbm,20,long_short,0.040328331782579226,0.0356257822075084,2.3512747875354107
2023-07-31,lgbm,20,long_short,-0.006826466693712199,-0.011574342047819847,2.3739376770538243
2023-08-31,lgbm,20,long_short,-0.06366301941166348,-0.06857530011341786,2.456140350877193
2023-09-29,lgbm,20,long_short,-0.04849733414010217,-0.05286528666235736,2.1839762611275964
2023-10-31,lgbm,20,long_short,0.11363251338039274,0.10875713344118301,2.4376899696048633
2016-01-29,ranker,0,long_only,0.026205071754295744,0.026205071754295744,1.0
2016-02-29,ranker,0,long_only,0.06034374777758888,0.06034374777758888,1.1851851851851851
2016-03-31,ranker,0,long_only,0.03919373121916041,0.03919373121916041,0.9685534591194969
2016-04-29,ranker,0,long_only,-0.00442766335081863,-0.00442766335081863,1.0566037735849056
2016-05-31,ranker,0,long_only,-0.01566885755727384,-0.01566885755727384,1.071651090342679
2016-06-30,ranker,0,long_only,0.07029496482869806,0.07029496482869806,1.0542168674698795
2016-07-29,ranker,0,long_only,0.037571071445294854,0.037571071445294854,1.1325301204819278
2016-08-31,ranker,0,long_only,0.04677442532644713,0.04677442532644713,1.065015479876161
2016-09-30,ranker,0,long_only,-0.08342508018553732,-0.08342508018553732,1.01840490797546
2016-10-31,ranker,0,long_only,0.10294732329253982,0.10294732329253982,0.9877300613496932
2016-11-30,ranker,0,long_only,0.013279458969068368,0.013279458969068368,1.1197604790419162
2016-12-30,ranker,0,long_only,0.024062169825236825,0.024062169825236825,0.9707602339181287
2017-01-31,ranker,0,long_only,0.04704868904756184,0.04704868904756184,1.4385964912280702
2017-02-28,ranker,0,long_only,-0.019996267494869133,-0.019996267494869133,0.8922155688622755
2017-03-31,ranker,0,long_only,0.019006110302110694,0.019006110302110694,0.784431137724551
2017-04-28,ranker,0,long_only,-0.025635786881321287,-0.025635786881321287,0.7724550898203593
2017-05-31,ranker,0,long_only,0.027966747610629093,0.027966747610629093,0.9483282674772037
2017-06-30,ranker,0,long_only,-0.0061106551821924066,-0.0061106551821924066,0.8436578171091446
2017-07-31,ranker,0,long_only,-0.02722934318890985,-0.02722934318890985,0.8377581120943953
2017-08-31,ranker,0,long_only,0.06741598595278674,0.06741598595278674,0.901840490797546
2017-09-29,ranker,0,long_only,-0.04223336970565747,-0.04223336970565747,0.7168674698795181
2017-10-31,ranker,0,long_only,0.043044351075824876,0.043044351075824876,0.7891566265060241
2017-11-30,ranker,0,long_only,0.06745871771482727,0.06745871771482727,0.8203592814371258
2017-12-29,ranker,0,long_only,0.002038014650758152,0.002038014650758152,0.7246376811594204
2018-01-31,ranker,0,long_only,-0.015778630110075145,-0.015778630110075145,1.1884057971014492
2018-02-28,ranker,0,long_only,-0.0021439748789091827,-0.0021439748789091827,0.8779069767441859
2018-03-29,ranker,0,long_only,0.05162193167923754,0.05162193167923754,0.8304093567251463
2018-04-30,ranker,0,long_only,0.0911796851314779,0.0911796851314779,0.85459940652819
2018-05-31,ranker,0,long_only,0.006696475336010449,0.006696475336010449,0.9791044776119403
2018-06-29,ranker,0,long_only,-0.0011747896754265158,-0.0011747896754265158,0.9022988505747127
2018-07-31,ranker,0,long_only,0.032870017088936006,0.032870017088936006,0.9195402298850576
2018-08-31,ranker,0,long_only,-0.04079809995267874,-0.04079809995267874,0.8023952095808383
2018-09-28,ranker,0,long_only,-0.1652678986564634,-0.1652678986564634,0.8284023668639053
2018-10-31,ranker,0,long_only,-0.040237623792288665,-0.040237623792288665,0.9763313609467456
2018-11-30,ranker,0,long_only,-0.14931289316283206,-0.14931289316283206,0.9583333333333334
2018-12-31,ranker,0,long_only,0.12119184676327191,0.12119184676327191,0.9369369369369369
2019-01-31,ranker,0,long_only,0.06352383291167872,0.06352383291167872,1.5015015015015014
2019-02-28,ranker,0,long_only,-0.035964332710773796,-0.035964332710773796,1.0215384615384615
2019-03-29,ranker,0,long_only,0.0008501601846601511,0.0008501601846601511,0.8303030303030303
2019-04-30,ranker,0,long_only,-0.07921852769271938,-0.07921852769271938,0.7636363636363637
2019-05-31,ranker,0,long_only,0.07745861782795833,0.07745861782795833,1.003076923076923
2019-06-28,ranker,0,long_only,-0.022208354083613175,-0.022208354083613175,0.6646706586826346
2019-07-31,ranker,0,long_only,-0.05439166532982799,-0.05439166532982799,0.7125748502994013
2019-08-30,ranker,0,long_only,0.014264537793661354,0.014264537793661354,0.8978328173374613
2019-09-30,ranker,0,long_only,0.050779216717371366,0.050779216717371366,0.7739938080495357
2019-10-31,ranker,0,long_only,0.04614705830983149,0.04614705830983149,0.8978328173374613
2019-11-29,ranker,0,long_only,0.08262679317463445,0.08262679317463445,1.0
2019-12-31,ranker,0,long_only,-0.050684611910564115,-0.050684611910564115,0.764179104477612
2020-01-31,ranker,0,long_only,-0.06921998601000544,-0.06921998601000544,1.635820895522388
2020-03-31,ranker,0,long_only,0.34847086807520006,0.34847086807520006,1.6107784431137724
2020-04-30,ranker,0,long_only,0.16212096303348741,0.16212096303348741,1.0787878787878786
2020-05-29,ranker,0,long_only,0.017145748062978146,0.017145748062978146,1.117283950617284
2020-06-30,ranker,0,long_only,0.046670835092000366,0.046670835092000366,1.1893491124260356
2020-07-31,ranker,0,long_only,0.030260610817990273,0.030260610817990273,1.047337278106509
2020-08-31,ranker,0,long_only,-0.01405040579425644,-0.01405040579425644,1.1317365269461077
2020-09-30,ranker,0,long_only,-0.010538259758955282,-0.010538259758955282,1.0598802395209581
2020-10-30,ranker,0,long_only,0.22347977186244314,0.22347977186244314,1.0815709969788518
2020-11-30,ranker,0,long_only,0.0886867435073103,0.0886867435073103,1.1428571428571428
2020-12-31,ranker,0,long_only,0.1988682548359433,0.1988682548359433,0.9860724233983287
2021-01-29,ranker,0,long_only,0.029214944991690445,0.029214944991690445,1.2526881720430108
2021-02-26,ranker,0,long_only,-0.14121522461242625,-0.14121522461242625,0.8593750000000001
2021-03-31,ranker,0,long_only,-0.04658314536523958,-0.04658314536523958,0.8785529715762274
2021-04-30,ranker,0,long_only,0.020512186833993088,0.020512186833993088,0.8733850129198966
2021-05-28,ranker,0,long_only,0.043655173573319786,0.043655173573319786,0.8865435356200527
2021-06-30,ranker,0,long_only,-0.10336890801110818,-0.10336890801110818,0.9226932668329176
2021-07-30,ranker,0,long_only,0.029435150639466803,0.029435150639466803,0.8877805486284289
2021-08-31,ranker,0,long_only,-0.05788389405770847,-0.05788389405770847,0.9627659574468085
2021-09-30,ranker,0,long_only,0.0037124129239198924,0.0037124129239198924,0.8263157894736842
2021-10-29,ranker,0,long_only,-0.10727768045944198,-0.10727768045944198,0.8842105263157894
2021-11-30,ranker,0,long_only,-0.00862070998822551,-0.00862070998822551,1.0498687664041995
2021-12-31,ranker,0,long_only,-0.1713207123164058,-0.1713207123164058,0.9635416666666666
2022-01-31,ranker,0,long_only,-0.027830890108232247,-0.027830890108232247,1.4739583333333333
2022-02-28,ranker,0,long_only,0.07239062353407946,0.07239062353407946,0.8766404199475066
2022-03-31,ranker,0,long_only,-0.1317327012633826,-0.1317327012633826,0.8272251308900525
2022-04-29,ranker,0,long_only,-0.03469964616726374,-0.03469964616726374,0.6963350785340313
2022-05-31,ranker,0,long_only,-0.08243266126110793,-0.08243266126110793,0.8733153638814016
2022-06-30,ranker,0,long_only,0.08384588842491936,0.08384588842491936,0.7762803234501349
2022-07-29,ranker,0,long_only,0.045471183112129984,0.045471183112129984,0.7032967032967032
2022-08-31,ranker,0,long_only,-0.09926080806207103,-0.09926080806207103,0.7988668555240793
2022-09-30,ranker,0,long_only,0.041727318779905355,0.041727318779905355,0.7138810198300284
2022-10-31,ranker,0,long_only,0.012042141255334508,0.012042141255334508,0.7749287749287749
2022-11-30,ranker,0,long_only,-0.030876744446587064,-0.030876744446587064,0.8125
2022-12-30,ranker,0,long_only,0.12748190971170512,0.12748190971170512,0.7226890756302521
2023-01-31,ranker,0,long_only,-0.06375520002315942,-0.06375520002315942,1.540983606557377
2023-02-28,ranker,0,long_only,-0.0704419546986615,-0.0704419546986615,1.2295081967213115
2023-03-31,ranker,0,long_only,-0.03620449328175459,-0.03620449328175459,1.2881355932203389
2023-04-28,ranker,0,long_only,0.006572391483943543,0.006572391483943543,1.1954022988505746
2023-05-31,ranker,0,long_only,0.05823536526233639,0.05823536526233639,1.2588235294117647
2023-06-30,ranker,0,long_only,0.04204380977651094,0.04204380977651094,1.1558073654390935
2023-07-31,ranker,0,long_only,-0.05503317831342221,-0.05503317831342221,1.2181303116147308
2023-08-31,ranker,0,long_only,-0.1269104271831002,-0.1269104271831002,1.4385964912280702
2023-09-29,ranker,0,long_only,-0.09327815804267559,-0.09327815804267559,1.1157270029673592
2023-10-31,ranker,0,long_only,0.132623994454076,0.132623994454076,1.1975683890577509
2016-01-29,ranker,5,long_only,0.026205071754295744,0.025705071754295743,1.0
2016-02-29,ranker,5,long_only,0.06034374777758888,0.05975115518499628,1.1851851851851851
2016-03-31,ranker,5,long_only,0.03919373121916041,0.038709454489600656,0.9685534591194969
2016-04-29,ranker,5,long_only,-0.00442766335081863,-0.004955965237611083,1.0566037735849056
2016-05-31,ranker,5,long_only,-0.01566885755727384,-0.01620468310244518,1.071651090342679
2016-06-30,ranker,5,long_only,0.07029496482869806,0.06976785639496312,1.0542168674698795
2016-07-29,ranker,5,long_only,0.037571071445294854,0.03700480638505389,1.1325301204819278
2016-08-31,ranker,5,long_only,0.04677442532644713,0.04624191758650905,1.065015479876161
2016-09-30,ranker,5,long_only,-0.08342508018553732,-0.08393428263952506,1.01840490797546
2016-10-31,ranker,5,long_only,0.10294732329253982,0.10245345826186497,0.9877300613496932
2016-11-30,ranker,5,long_only,0.013279458969068368,0.01271957872954741,1.1197604790419162
2016-12-30,ranker,5,long_only,0.024062169825236825,0.02357678970827776,0.9707602339181287
2017-01-31,ranker,5,long_only,0.04704868904756184,0.046329390801947805,1.4385964912280702
2017-02-28,ranker,5,long_only,-0.019996267494869133,-0.020442375279300273,0.8922155688622755
2017-03-31,ranker,5,long_only,0.019006110302110694,0.01861389473324842,0.784431137724551
2017-04-28,ranker,5,long_only,-0.025635786881321287,-0.026022014426231466,0.7724550898203593
2017-05-31,ranker,5,long_only,0.027966747610629093,0.02749258347689049,0.9483282674772037
2017-06-30,ranker,5,long_only,-0.0061106551821924066,-0.006532484090746979,0.8436578171091446
2017-07-31,ranker,5,long_only,-0.02722934318890985,-0.027648222244957048,0.8377581120943953
2017-08-31,ranker,5,long_only,0.06741598595278674,0.06696506570738796,0.901840490797546
2017-09-29,ranker,5,long_only,-0.04223336970565747,-0.04259180344059723,0.7168674698795181
2017-10-31,ranker,5,long_only,0.043044351075824876,0.04264977276257186,0.7891566265060241
2017-11-30,ranker,5,long_only,0.06745871771482727,0.06704853807410871,0.8203592814371258
2017-12-29,ranker,5,long_only,0.002038014650758152,0.001675695810178442,0.7246376811594204
2018-01-31,ranker,5,long_only,-0.015778630110075145,-0.01637283300862587,1.1884057971014492
2018-02-28,ranker,5,long_only,-0.0021439748789091827,-0.0025829283672812757,0.8779069767441859
2018-03-29,ranker,5,long_only,0.05162193167923754,0.05120672700087497,0.8304093567251463
2018-04-30,ranker,5,long_only,0.0911796851314779,0.0907523854282138,0.85459940652819
2018-05-31,ranker,5,long_only,0.006696475336010449,0.0062069230972044784,0.9791044776119403
2018-06-29,ranker,5,long_only,-0.0011747896754265158,-0.0016259391007138722,0.9022988505747127
2018-07-31,ranker,5,long_only,0.032870017088936006,0.03241024697399348,0.9195402298850576
2018-08-31,ranker,5,long_only,-0.04079809995267874,-0.04119929755746916,0.8023952095808383
2018-09-28,ranker,5,long_only,-0.1652678986564634,-0.16568209983989535,0.8284023668639053
2018-10-31,ranker,5,long_only,-0.040237623792288665,-0.040725789472762036,0.9763313609467456
2018-11-30,ranker,5,long_only,-0.14931289316283206,-0.14979205982949872,0.9583333333333334
2018-12-31,ranker,5,long_only,0.12119184676327191,0.12072337829480344,0.9369369369369369
2019-01-31,ranker,5,long_only,0.06352383291167872,0.06277308216092797,1.5015015015015014
2019-02-28,ranker,5,long_only,-0.035964332710773796,-0.03647510194154303,1.0215384615384615
2019-03-29,ranker,5,long_only,0.0008501601846601511,0.0004350086695086359,0.8303030303030303
2019-04-30,ranker,5,long_only,-0.07921852769271938,-0.07960034587453756,0.7636363636363637
2019-05-31,ranker,5,long_only,0.07745861782795833,0.07695707936641988,1.003076923076923
2019-06-28,ranker,5,long_only,-0.022208354083613175,-0.022540689412954493,0.6646706586826346
2019-07-31,ranker,5,long_only,-0.05439166532982799,-0.054747952754977694,0.7125748502994013
2019-08-30,ranker,5,long_only,0.014264537793661354,0.013815621384992623,0.8978328173374613
2019-09-30,ranker,5,long_only,0.050779216717371366,0.0503922198133466,0.7739938080495357
2019-10-31,ranker,5,long_only,0.04614705830983149,0.04569814190116276,0.8978328173374613
2019-11-29,ranker,5,long_only,0.08262679317463445,0.08212679317463445,1.0
2019-12-31,ranker,5,long_only,-0.050684611910564115,-0.05106670146280292,0.764179104477612
2020-01-31,ranker,5,long_only,-0.06921998601000544,-0.07003789645776663,1.635820895522388
2020-03-31,ranker,5,long_only,0.34847086807520006,0.3476654788536432,1.6107784431137724
2020-04-30,ranker,5,long_only,0.16212096303348741,0.16158156909409346,1.0787878787878786
2020-05-29,ranker,5,long_only,0.017145748062978146,0.016587106087669504,1.117283950617284
2020-06-30,ranker,5,long_only,0.046670835092000366,0.04607616053578735,1.1893491124260356
2020-07-31,ranker,5,long_only,0.030260610817990273,0.02973694217893702,1.047337278106509
2020-08-31,ranker,5,long_only,-0.01405040579425644,-0.014616274057729493,1.1317365269461077
2020-09-30,ranker,5,long_only,-0.010538259758955282,-0.01106819987871576,1.0598802395209581
2020-10-30,ranker,5,long_only,0.22347977186244314,0.2229389863639537,1.0815709969788518
2020-11-30,ranker,5,long_only,0.0886867435073103,0.08811531493588173,1.1428571428571428
2020-12-31,ranker,5,long_only,0.1988682548359433,0.19837521862424415,0.9860724233983287
2021-01-29,ranker,5,long_only,0.029214944991690445,0.028588600905668938,1.2526881720430108
2021-02-26,ranker,5,long_only,-0.14121522461242625,-0.14164491211242625,0.8593750000000001
2021-03-31,ranker,5,long_only,-0.04658314536523958,-0.047022421851027695,0.8785529715762274
2021-04-30,ranker,5,long_only,0.020512186833993088,0.02007549432753314,0.8733850129198966
2021-05-28,ranker,5,long_only,0.043655173573319786,0.04321190180550976,0.8865435356200527
2021-06-30,ranker,5,long_only,-0.10336890801110818,-0.10383025464452464,0.9226932668329176
2021-07-30,ranker,5,long_only,0.029435150639466803,0.028991260365152587,0.8877805486284289
2021-08-31,ranker,5,long_only,-0.05788389405770847,-0.05836527703643187,0.9627659574468085
2021-09-30,ranker,5,long_only,0.0037124129239198924,0.00329925502918305,0.8263157894736842
2021-10-29,ranker,5,long_only,-0.10727768045944198,-0.10771978572259988,0.8842105263157894
2021-11-30,ranker,5,long_only,-0.00862070998822551,-0.00914564437142761,1.0498687664041995
2021-12-31,ranker,5,long_only,-0.1713207123164058,-0.17180248314973914,0.9635416666666666
2022-01-31,ranker,5,long_only,-0.027830890108232247,-0.028567869274898912,1.4739583333333333
2022-02-28,ranker,5,long_only,0.07239062353407946,0.07195230332410571,0.8766404199475066
2022-03-31,ranker,5,long_only,-0.1317327012633826,-0.13214631382882763,0.8272251308900525
2022-04-29,ranker,5,long_only,-0.03469964616726374,-0.035047813706530755,0.6963350785340313
2022-05-31,ranker,5,long_only,-0.08243266126110793,-0.08286931894304864,0.8733153638814016
2022-06-30,ranker,5,long_only,0.08384588842491936,0.08345774826319428,0.7762803234501349
2022-07-29,ranker,5,long_only,0.045471183112129984,0.04511953476048163,0.7032967032967032
2022-08-31,ranker,5,long_only,-0.09926080806207103,-0.09966024148983307,0.7988668555240793
2022-09-30,ranker,5,long_only,0.041727318779905355,0.04137037826999034,0.7138810198300284
2022-10-31,ranker,5,long_only,0.012042141255334508,0.01165467686787012,0.7749287749287749
2022-11-30,ranker,5,long_only,-0.030876744446587064,-0.03128299444658706,0.8125
2022-12-30,ranker,5,long_only,0.12748190971170512,0.12712056517388998,0.7226890756302521
2023-01-31,ranker,5,long_only,-0.06375520002315942,-0.06452569182643811,1.540983606557377
2023-02-28,ranker,5,long_only,-0.0704419546986615,-0.07105670879702217,1.2295081967213115
2023-03-31,ranker,5,long_only,-0.03620449328175459,-0.03684856107836476,1.2881355932203389
2023-04-28,ranker,5,long_only,0.006572391483943543,0.0059746903345182555,1.1954022988505746
2023-05-31,ranker,5,long_only,0.05823536526233639,0.05760595349763051,1.2588235294117647
2023-06-30,ranker,5,long_only,0.04204380977651094,0.041465906093791395,1.1558073654390935
2023-07-31,ranker,5,long_only,-0.05503317831342221,-0.05564224346922957,1.2181303116147308
2023-08-31,ranker,5,long_only,-0.1269104271831002,-0.12762972542871423,1.4385964912280702
2023-09-29,ranker,5,long_only,-0.09327815804267559,-0.09383602154415926,1.1157270029673592
2023-10-31,ranker,5,long_only,0.132623994454076,0.1320252102595471,1.1975683890577509
2016-01-29,ranker,10,long_only,0.026205071754295744,0.025205071754295743,1.0
2016-02-29,ranker,10,long_only,0.06034374777758888,0.05915856259240369,1.1851851851851851
2016-03-31,ranker,10,long_only,0.03919373121916041,0.03822517776004091,0.9685534591194969
2016-04-29,ranker,10,long_only,-0.00442766335081863,-0.005484267124403536,1.0566037735849056
2016-05-31,ranker,10,long_only,-0.01566885755727384,-0.016740508647616517,1.071651090342679
2016-06-30,ranker,10,long_only,0.07029496482869806,0.06924074796122817,1.0542168674698795
2016-07-29,ranker,10,long_only,0.037571071445294854,0.036438541324812924,1.1325301204819278
2016-08-31,ranker,10,long_only,0.04677442532644713,0.045709409846570966,1.065015479876161
2016-09-30,ranker,10,long_only,-0.08342508018553732,-0.08444348509351278,1.01840490797546
2016-10-31,ranker,10,long_only,0.10294732329253982,0.10195959323119012,0.9877300613496932
2016-11-30,ranker,10,long_only,0.013279458969068368,0.012159698490026452,1.1197604790419162
2016-12-30,ranker,10,long_only,0.024062169825236825,0.023091409591318696,0.9707602339181287
2017-01-31,ranker,10,long_only,0.04704868904756184,0.04561009255633377,1.4385964912280702
2017-02-28,ranker,10,long_only,-0.019996267494869133,-0.02088848306373141,0.8922155688622755
2017-03-31,ranker,10,long_only,0.019006110302110694,0.01822167916438614,0.784431137724551
2017-04-28,ranker,10,long_only,-0.025635786881321287,-0.026408241971141645,0.7724550898203593
2017-05-31,ranker,10,long_only,0.027966747610629093,0.027018419343151887,0.9483282674772037
2017-06-30,ranker,10,long_only,-0.0061106551821924066,-0.006954312999301551,0.8436578171091446
2017-07-31,ranker,10,long_only,-0.02722934318890985,-0.028067101301004243,0.8377581120943953
2017-08-31,ranker,10,long_only,0.06741598595278674,0.0665141454619892,0.901840490797546
2017-09-29,ranker,10,long_only,-0.04223336970565747,-0.04295023717553699,0.7168674698795181
2017-10-31,ranker,10,long_only,0.043044351075824876,0.04225519444931885,0.7891566265060241
2017-11-30,ranker,10,long_only,0.06745871771482727,0.06663835843339014,0.8203592814371258
2017-12-29,ranker,10,long_only,0.002038014650758152,0.0013133769695987318,0.7246376811594204
2018-01-31,ranker,10,long_only,-0.015778630110075145,-0.016967035907176596,1.1884057971014492
2018-02-28,ranker,10,long_only,-0.0021439748789091827,-0.0030218818556533686,0.8779069767441859
2018-03-29,ranker,10,long_only,0.05162193167923754,0.05079152232251239,0.8304093567251463
2018-04-30,ranker,10,long_only,0.0911796851314779,0.09032508572494971,0.85459940652819
2018-05-31,ranker,10,long_only,0.006696475336010449,0.005717370858398509,0.9791044776119403
2018-06-29,ranker,10,long_only,-0.0011747896754265158,-0.0020770885260012286,0.9022988505747127
2018-07-31,ranker,10,long_only,0.032870017088936006,0.03195047685905095,0.9195402298850576
2018-08-31,ranker,10,long_only,-0.04079809995267874,-0.041600495162259575,0.8023952095808383
2018-09-28,ranker,10,long_only,-0.1652678986564634,-0.16609630102332731,0.8284023668639053
2018-10-31,ranker,10,long_only,-0.040237623792288665,-0.041213955153235414,0.9763313609467456
2018-11-30,ranker,10,long_only,-0.14931289316283206,-0.1502712264961654,0.9583333333333334
2018-12-31,ranker,10,long_only,0.12119184676327191,0.12025490982633498,0.9369369369369369
2019-01-31,ranker,10,long_only,0.06352383291167872,0.06202233141017722,1.5015015015015014
2019-02-28,ranker,10,long_only,-0.035964332710773796,-0.03698587117231226,1.0215384615384615
2019-03-29,ranker,10,long_only,0.0008501601846601511,1.9857154357120696e-05,0.8303030303030303
2019-04-30,ranker,10,long_only,-0.07921852769271938,-0.07998216405635575,0.7636363636363637
2019-05-31,ranker,10,long_only,0.07745861782795833,0.07645554090488141,1.003076923076923
2019-06-28,ranker,10,long_only,-0.022208354083613175,-0.02287302474229581,0.6646706586826346
2019-07-31,ranker,10,long_only,-0.05439166532982799,-0.05510424018012739,0.7125748502994013
2019-08-30,ranker,10,long_only,0.014264537793661354,0.013366704976323893,0.8978328173374613
2019-09-30,ranker,10,long_only,0.050779216717371366,0.05000522290932183,0.7739938080495357
2019-10-31,ranker,10,long_only,0.04614705830983149,0.04524922549249403,0.8978328173374613
2019-11-29,ranker,10,long_only,0.08262679317463445,0.08162679317463445,1.0
2019-12-31,ranker,10,long_only,-0.050684611910564115,-0.051448791015041725,0.764179104477612
2020-01-31,ranker,10,long_only,-0.06921998601000544,-0.07085580690552783,1.635820895522388
2020-03-31,ranker,10,long_only,0.34847086807520006,0.3468600896320863,1.6107784431137724
2020-04-30,ranker,10,long_only,0.16212096303348741,0.16104217515469954,1.0787878787878786
2020-05-29,ranker,10,long_only,0.017145748062978146,0.016028464112360863,1.117283950617284
2020-06-30,ranker,10,long_only,0.046670835092000366,0.04548148597957433,1.1893491124260356
2020-07-31,ranker,10,long_only,0.030260610817990273,0.029213273539883764,1.047337278106509
2020-08-31,ranker,10,long_only,-0.01405040579425644,-0.015182142321202548,1.1317365269461077
2020-09-30,ranker,10,long_only,-0.010538259758955282,-0.01159813999847624,1.0598802395209581
2020-10-30,ranker,10,long_only,0.22347977186244314,0.22239820086546427,1.0815709969788518
2020-11-30,ranker,10,long_only,0.0886867435073103,0.08754388636445316,1.1428571428571428
2020-12-31,ranker,10,long_only,0.1988682548359433,0.197882182412545,0.9860724233983287
2021-01-29,ranker,10,long_only,0.029214944991690445,0.027962256819647435,1.2526881720430108
2021-02-26,ranker,10,long_only,-0.14121522461242625,-0.14207459961242624,0.8593750000000001
2021-03-31,ranker,10,long_only,-0.04658314536523958,-0.04746169833681581,0.8785529715762274
2021-04-30,ranker,10,long_only,0.020512186833993088,0.019638801821073193,0.8733850129198966
2021-05-28,ranker,10,long_only,0.043655173573319786,0.042768630037699734,0.8865435356200527
2021-06-30,ranker,10,long_only,-0.10336890801110818,-0.1042916012779411,0.9226932668329176
2021-07-30,ranker,10,long_only,0.029435150639466803,0.028547370090838374,0.8877805486284289
2021-08-31,ranker,10,long_only,-0.05788389405770847,-0.058846660015155275,0.9627659574468085
2021-09-30,ranker,10,long_only,0.0037124129239198924,0.0028860971344462083,0.8263157894736842
2021-10-29,ranker,10,long_only,-0.10727768045944198,-0.10816189098575778,0.8842105263157894
2021-11-30,ranker,10,long_only,-0.00862070998822551,-0.00967057875462971,1.0498687664041995
2021-12-31,ranker,10,long_only,-0.1713207123164058,-0.17228425398307248,0.9635416666666666
2022-01-31,ranker,10,long_only,-0.027830890108232247,-0.02930484844156558,1.4739583333333333
2022-02-28,ranker,10,long_only,0.07239062353407946,0.07151398311413196,0.8766404199475066
2022-03-31,ranker,10,long_only,-0.1317327012633826,-0.13255992639427266,0.8272251308900525
2022-04-29,ranker,10,long_only,-0.03469964616726374,-0.03539598124579777,0.6963350785340313
2022-05-31,ranker,10,long_only,-0.08243266126110793,-0.08330597662498933,0.8733153638814016
2022-06-30,ranker,10,long_only,0.08384588842491936,0.08306960810146923,0.7762803234501349
2022-07-29,ranker,10,long_only,0.045471183112129984,0.04476788640883328,0.7032967032967032
2022-08-31,ranker,10,long_only,-0.09926080806207103,-0.10005967491759511,0.7988668555240793
2022-09-30,ranker,10,long_only,0.041727318779905355,0.04101343776007533,0.7138810198300284
2022-10-31,ranker,10,long_only,0.012042141255334508,0.011267212480405733,0.7749287749287749
2022-11-30,ranker,10,long_only,-0.030876744446587064,-0.031689244446587064,0.8125
2022-12-30,ranker,10,long_only,0.12748190971170512,0.12675922063607487,0.7226890756302521
2023-01-31,ranker,10,long_only,-0.06375520002315942,-0.0652961836297168,1.540983606557377
2023-02-28,ranker,10,long_only,-0.0704419546986615,-0.07167146289538281,1.2295081967213115
2023-03-31,ranker,10,long_only,-0.03620449328175459,-0.037492628874974926,1.2881355932203389
2023-04-28,ranker,10,long_only,0.006572391483943543,0.005376989185092968,1.1954022988505746
2023-05-31,ranker,10,long_only,0.05823536526233639,0.05697654173292463,1.2588235294117647
2023-06-30,ranker,10,long_only,0.04204380977651094,0.04088800241107185,1.1558073654390935
2023-07-31,ranker,10,long_only,-0.05503317831342221,-0.05625130862503694,1.2181303116147308
2023-08-31,ranker,10,long_only,-0.1269104271831002,-0.12834902367432827,1.4385964912280702
2023-09-29,ranker,10,long_only,-0.09327815804267559,-0.09439388504564294,1.1157270029673592
2023-10-31,ranker,10,long_only,0.132623994454076,0.13142642606501825,1.1975683890577509
2016-01-29,ranker,20,long_only,0.026205071754295744,0.024205071754295746,1.0
2016-02-29,ranker,20,long_only,0.06034374777758888,0.05797337740721851,1.1851851851851851
2016-03-31,ranker,20,long_only,0.03919373121916041,0.037256624300921415,0.9685534591194969
2016-04-29,ranker,20,long_only,-0.00442766335081863,-0.006540870897988441,1.0566037735849056
2016-05-31,ranker,20,long_only,-0.01566885755727384,-0.017812159737959198,1.071651090342679
2016-06-30,ranker,20,long_only,0.07029496482869806,0.0681865310937583,1.0542168674698795
2016-07-29,ranker,20,long_only,0.037571071445294854,0.035306011204330995,1.1325301204819278
2016-08-31,ranker,20,long_only,0.04677442532644713,0.0446443943666948,1.065015479876161
2016-09-30,ranker,20,long_only,-0.08342508018553732,-0.08546189000148824,1.01840490797546
2016-10-31,ranker,20,long_only,0.10294732329253982,0.10097186316984043,0.9877300613496932
2016-11-30,ranker,20,long_only,0.013279458969068368,0.011039938010984535,1.1197604790419162
2016-12-30,ranker,20,long_only,0.024062169825236825,0.022120649357400567,0.9707602339181287
2017-01-31,ranker,20,long_only,0.04704868904756184,0.0441714960651057,1.4385964912280702
2017-02-28,ranker,20,long_only,-0.019996267494869133,-0.021780698632593683,0.8922155688622755
2017-03-31,ranker,20,long_only,0.019006110302110694,0.017437248026661592,0.784431137724551
2017-04-28,ranker,20,long_only,-0.025635786881321287,-0.027180697060962006,0.7724550898203593
2017-05-31,ranker,20,long_only,0.027966747610629093,0.026070091075674685,0.9483282674772037
2017-06-30,ranker,20,long_only,-0.0061106551821924066,-0.0077979708164106955,0.8436578171091446
2017-07-31,ranker,20,long_only,-0.02722934318890985,-0.02890485941309864,0.8377581120943953
2017-08-31,ranker,20,long_only,0.06741598595278674,0.06561230497119164,0.901840490797546
2017-09-29,ranker,20,long_only,-0.04223336970565747,-0.0436671046454165,0.7168674698795181
2017-10-31,ranker,20,long_only,0.043044351075824876,0.04146603782281283,0.7891566265060241
2017-11-30,ranker,20,long_only,0.06745871771482727,0.06581799915195302,0.8203592814371258
2017-12-29,ranker,20,long_only,0.002038014650758152,0.0005887392884393113,0.7246376811594204
2018-01-31,ranker,20,long_only,-0.015778630110075145,-0.018155441704278043,1.1884057971014492
2018-02-28,ranker,20,long_only,-0.0021439748789091827,-0.003899788832397555,0.8779069767441859
2018-03-29,ranker,20,long_only,0.05162193167923754,0.049961112965787244,0.8304093567251463
2018-04-30,ranker,20,long_only,0.0911796851314779,0.08947048631842151,0.85459940652819
2018-05-31,ranker,20,long_only,0.006696475336010449,0.004738266380786569,0.9791044776119403
2018-06-29,ranker,20,long_only,-0.0011747896754265158,-0.0029793873765759414,0.9022988505747127
2018-07-31,ranker,20,long_only,0.032870017088936006,0.03103093662916589,0.9195402298850576
2018-08-31,ranker,20,long_only,-0.04079809995267874,-0.04240289037184042,0.8023952095808383
2018-09-28,ranker,20,long_only,-0.1652678986564634,-0.16692470339019122,0.8284023668639053
2018-10-31,ranker,20,long_only,-0.040237623792288665,-0.042190286514182156,0.9763313609467456
2018-11-30,ranker,20,long_only,-0.14931289316283206,-0.15122955982949873,0.9583333333333334
2018-12-31,ranker,20,long_only,0.12119184676327191,0.11931797288939804,0.9369369369369369
2019-01-31,ranker,20,long_only,0.06352383291167872,0.060520829908675716,1.5015015015015014
2019-02-28,ranker,20,long_only,-0.035964332710773796,-0.03800740963385072,1.0215384615384615
2019-03-29,ranker,20,long_only,0.0008501601846601511,-0.0008104458759459097,0.8303030303030303
2019-04-30,ranker,20,long_only,-0.07921852769271938,-0.0807458004199921,0.7636363636363637
2019-05-31,ranker,20,long_only,0.07745861782795833,0.07545246398180448,1.003076923076923
2019-06-28,ranker,20,long_only,-0.022208354083613175,-0.023537695400978446,0.6646706586826346
2019-07-31,ranker,20,long_only,-0.05439166532982799,-0.05581681503042679,0.7125748502994013
2019-08-30,ranker,20,long_only,0.014264537793661354,0.012468872158986432,0.8978328173374613
2019-09-30,ranker,20,long_only,0.050779216717371366,0.0492312291012723,0.7739938080495357
2019-10-31,ranker,20,long_only,0.04614705830983149,0.044351392675156566,0.8978328173374613
2019-11-29,ranker,20,long_only,0.08262679317463445,0.08062679317463445,1.0
2019-12-31,ranker,20,long_only,-0.050684611910564115,-0.052212970119519336,0.764179104477612
2020-01-31,ranker,20,long_only,-0.06921998601000544,-0.07249162780105022,1.635820895522388
2020-03-31,ranker,20,long_only,0.34847086807520006,0.3452493111889725,1.6107784431137724
2020-04-30,ranker,20,long_only,0.16212096303348741,0.15996338727591167,1.0787878787878786
2020-05-29,ranker,20,long_only,0.017145748062978146,0.014911180161743578,1.117283950617284
2020-06-30,ranker,20,long_only,0.046670835092000366,0.04429213686714829,1.1893491124260356
2020-07-31,ranker,20,long_only,0.030260610817990273,0.028165936261777255,1.047337278106509
2020-08-31,ranker,20,long_only,-0.01405040579425644,-0.016313878848148656,1.1317365269461077
2020-09-30,ranker,20,long_only,-0.010538259758955282,-0.012658020237997197,1.0598802395209581
2020-10-30,ranker,20,long_only,0.22347977186244314,0.22131662986848544,1.0815709969788518
2020-11-30,ranker,20,long_only,0.0886867435073103,0.08640102922159602,1.1428571428571428
2020-12-31,ranker,20,long_only,0.1988682548359433,0.19689610998914664,0.9860724233983287
2021-01-29,ranker,20,long_only,0.029214944991690445,0.026709568647604424,1.2526881720430108
2021-02-26,ranker,20,long_only,-0.14121522461242625,-0.14293397461242624,0.8593750000000001
2021-03-31,ranker,20,long_only,-0.04658314536523958,-0.048340251308392035,0.8785529715762274
2021-04-30,ranker,20,long_only,0.020512186833993088,0.018765416808153294,0.8733850129198966
2021-05-28,ranker,20,long_only,0.043655173573319786,0.04188208650207968,0.8865435356200527
2021-06-30,ranker,20,long_only,-0.10336890801110818,-0.10521429454477402,0.9226932668329176
2021-07-30,ranker,20,long_only,0.029435150639466803,0.027659589542209945,0.8877805486284289
2021-08-31,ranker,20,long_only,-0.05788389405770847,-0.05980942597260209,0.9627659574468085
2021-09-30,ranker,20,long_only,0.0037124129239198924,0.0020597813449725237,0.8263157894736842
2021-10-29,ranker,20,long_only,-0.10727768045944198,-0.10904610151207356,0.8842105263157894
2021-11-30,ranker,20,long_only,-0.00862070998822551,-0.01072044752103391,1.0498687664041995
2021-12-31,ranker,20,long_only,-0.1713207123164058,-0.17324779564973913,0.9635416666666666
2022-01-31,ranker,20,long_only,-0.027830890108232247,-0.030778806774898915,1.4739583333333333
2022-02-28,ranker,20,long_only,0.07239062353407946,0.07063734269418445,0.8766404199475066
2022-03-31,ranker,20,long_only,-0.1317327012633826,-0.1333871515251627,0.8272251308900525
2022-04-29,ranker,20,long_only,-0.03469964616726374,-0.036092316324331804,0.6963350785340313
2022-05-31,ranker,20,long_only,-0.08243266126110793,-0.08417929198887074,0.8733153638814016
2022-06-30,ranker,20,long_only,0.08384588842491936,0.08229332777801909,0.7762803234501349
2022-07-29,ranker,20,long_only,0.045471183112129984,0.044064589705536575,0.7032967032967032
2022-08-31,ranker,20,long_only,-0.09926080806207103,-0.10085854177311919,0.7988668555240793
2022-09-30,ranker,20,long_only,0.041727318779905355,0.040299556740245296,0.7138810198300284
2022-10-31,ranker,20,long_only,0.012042141255334508,0.010492283705476958,0.7749287749287749
2022-11-30,ranker,20,long_only,-0.030876744446587064,-0.032501744446587065,0.8125
2022-12-30,ranker,20,long_only,0.12748190971170512,0.12603653156044461,0.7226890756302521
2023-01-31,ranker,20,long_only,-0.06375520002315942,-0.06683716723627417,1.540983606557377
2023-02-28,ranker,20,long_only,-0.0704419546986615,-0.07290097109210412,1.2295081967213115
2023-03-31,ranker,20,long_only,-0.03620449328175459,-0.03878076446819527,1.2881355932203389
2023-04-28,ranker,20,long_only,0.006572391483943543,0.004181586886242393,1.1954022988505746
2023-05-31,ranker,20,long_only,0.05823536526233639,0.055717718203512866,1.2588235294117647
2023-06-30,ranker,20,long_only,0.04204380977651094,0.03973219504563275,1.1558073654390935
2023-07-31,ranker,20,long_only,-0.05503317831342221,-0.05746943893665167,1.2181303116147308
2023-08-31,ranker,20,long_only,-0.1269104271831002,-0.12978762016555634,1.4385964912280702
2023-09-29,ranker,20,long_only,-0.09327815804267559,-0.0955096120486103,1.1157270029673592
2023-10-31,ranker,20,long_only,0.132623994454076,0.13022885767596049,1.1975683890577509
2016-01-29,ranker,0,long_short,0.008374958948329358,0.008374958948329358,2.0
2016-02-29,ranker,0,long_short,0.01813799671483581,0.01813799671483581,2.1666666666666665
2016-03-31,ranker,0,long_short,0.0369219981068811,0.0369219981068811,1.8364779874213837
2016-04-29,ranker,0,long_short,0.0012414866394591755,0.0012414866394591755,1.9937106918238994
2016-05-31,ranker,0,long_short,-0.0014141091498736937,-0.0014141091498736937,2.012461059190031
2016-06-30,ranker,0,long_short,0.040470071469198086,0.040470071469198086,2.0602409638554215
2016-07-29,ranker,0,long_short,0.02877601828581765,0.02877601828581765,2.096385542168675
2016-08-31,ranker,0,long_short,0.05095983843733442,0.05095983843733442,2.111455108359133
2016-09-30,ranker,0,long_short,-0.05765844417324044,-0.05765844417324044,1.871165644171779
2016-10-31,ranker,0,long_short,0.05980215789963147,0.05980215789963147,1.803680981595092
2016-11-30,ranker,0,long_short,-0.0098356330847468,-0.0098356330847468,2.0838323353293413
2016-12-30,ranker,0,long_short,0.015580617538102545,0.015580617538102545,1.8304093567251463
2017-01-31,ranker,0,long_short,0.032197492967013124,0.032197492967013124,2.4795321637426904
2017-02-28,ranker,0,long_short,-0.011713951602880916,-0.011713951602880916,1.1976047904191618
2017-03-31,ranker,0,long_short,-0.0019426226263821453,-0.0019426226263821453,1.1017964071856288
2017-04-28,ranker,0,long_short,-0.03224900984670925,-0.03224900984670925,1.1437125748502994
2017-05-31,ranker,0,long_short,0.03368903484512814,0.03368903484512814,1.319148936170213
2017-06-30,ranker,0,long_short,-0.023658049120750313,-0.023658049120750313,1.2153392330383481
2017-07-31,ranker,0,long_short,-0.013533524868468752,-0.013533524868468752,1.2271386430678466
2017-08-31,ranker,0,long_short,0.053247606410861376,0.053247606410861376,1.312883435582822
2017-09-29,ranker,0,long_short,-0.042129273741301605,-0.042129273741301605,1.0180722891566265
2017-10-31,ranker,0,long_short,0.042534836869377424,0.042534836869377424,1.0963855421686748
2017-11-30,ranker,0,long_short,0.056695197033377054,0.056695197033377054,1.18562874251497
2017-12-29,ranker,0,long_short,-0.0023581467332051097,-0.0023581467332051097,1.1594202898550725
2018-01-31,ranker,0,long_short,0.01702450014274635,0.01702450014274635,1.617391304347826
2018-02-28,ranker,0,long_short,0.0003926049455022901,0.0003926049455022901,1.244186046511628
2018-03-29,ranker,0,long_short,0.037740569821676506,0.037740569821676506,1.3157894736842106
2018-04-30,ranker,0,long_short,0.08032504911873996,0.08032504911873996,1.252225519287834
2018-05-31,ranker,0,long_short,0.017623738476225195,0.017623738476225195,1.3791044776119403
2018-06-29,ranker,0,long_short,-0.018779265267580402,-0.018779265267580402,1.3103448275862069
2018-07-31,ranker,0,long_short,0.0214906288649497,0.0214906288649497,1.3793103448275863
2018-08-31,ranker,0,long_short,-0.026320240556733064,-0.026320240556733064,1.2035928143712573
2018-09-28,ranker,0,long_short,-0.08223995651992164,-0.08223995651992164,1.1420118343195267
2018-10-31,ranker,0,long_short,-0.04051153719501052,-0.04051153719501052,1.2899408284023668
2018-11-30,ranker,0,long_short,-0.07851459658397862,-0.07851459658397862,1.2083333333333335
2018-12-31,ranker,0,long_short,0.05565102073458803,0.05565102073458803,1.4894894894894894
2019-01-31,ranker,0,long_short,0.04492381386003237,0.04492381386003237,2.234234234234234
2019-02-28,ranker,0,long_short,-0.04255510140066582,-0.04255510140066582,1.5876923076923077
2019-03-29,ranker,0,long_short,-0.005492125811250923,-0.005492125811250923,1.2303030303030302
2019-04-30,ranker,0,long_short,-0.06135718269904165,-0.06135718269904165,1.1818181818181819
2019-05-31,ranker,0,long_short,0.02929689463092301,0.02929689463092301,1.4338461538461538
2019-06-28,ranker,0,long_short,-0.025452172399004956,-0.025452172399004956,1.1616766467065867
2019-07-31,ranker,0,long_short,-0.04258623727435832,-0.04258623727435832,1.251497005988024
2019-08-30,ranker,0,long_short,0.007920210211453654,0.007920210211453654,1.473684210526316
2019-09-30,ranker,0,long_short,0.04495985828339211,0.04495985828339211,1.2321981424148607
2019-10-31,ranker,0,long_short,0.05046204971097035,0.05046204971097035,1.4179566563467492
2019-11-29,ranker,0,long_short,0.05642017894786221,0.05642017894786221,1.4437499999999999
2019-12-31,ranker,0,long_short,-0.04878838645603216,-0.04878838645603216,1.319402985074627
2020-01-31,ranker,0,long_short,-0.015377143360768867,-0.015377143360768867,2.262686567164179
2020-03-31,ranker,0,long_short,0.24717580057282074,0.24717580057282074,2.682634730538922
2020-04-30,ranker,0,long_short,0.08610432987336869,0.08610432987336869,1.6545454545454545
2020-05-29,ranker,0,long_short,0.018213535608446317,0.018213535608446317,1.549382716049383
2020-06-30,ranker,0,long_short,0.011761272053211595,0.011761272053211595,1.775147928994083
2020-07-31,ranker,0,long_short,0.0013194348500240945,0.0013194348500240945,1.4911242603550297
2020-08-31,ranker,0,long_short,0.016778344964032858,0.016778344964032858,1.5209580838323353
2020-09-30,ranker,0,long_short,0.006631579102653074,0.006631579102653074,1.5389221556886228
2020-10-30,ranker,0,long_short,0.11327087819377855,0.11327087819377855,1.552870090634441
2020-11-30,ranker,0,long_short,0.061766644467867574,0.061766644467867574,1.6967930029154519
2020-12-31,ranker,0,long_short,0.16197400789766414,0.16197400789766414,1.5543175487465182
2021-01-29,ranker,0,long_short,0.008250180296488238,0.008250180296488238,1.8387096774193548
2021-02-26,ranker,0,long_short,-0.13431073055288606,-0.13431073055288606,1.1250000000000002
2021-03-31,ranker,0,long_short,-0.05656926777073225,-0.05656926777073225,1.1266149870801032
2021-04-30,ranker,0,long_short,0.007351189642221122,0.007351189642221122,1.111111111111111
2021-05-28,ranker,0,long_short,0.036595467930199396,0.036595467930199396,1.087071240105541
2021-06-30,ranker,0,long_short,-0.09843891073043136,-0.09843891073043136,1.2568578553615959
2021-07-30,ranker,0,long_short,0.01609618165343726,0.01609618165343726,1.2219451371571073
2021-08-31,ranker,0,long_short,-0.02261178181925902,-0.02261178181925902,1.2234042553191489
2021-09-30,ranker,0,long_short,-0.020254662954891034,-0.020254662954891034,1.0736842105263158
2021-10-29,ranker,0,long_short,-0.07568486689463151,-0.07568486689463151,1.1263157894736842
2021-11-30,ranker,0,long_short,-0.02724195694074848,-0.02724195694074848,1.2913385826771653
2021-12-31,ranker,0,long_short,-0.13027923236122882,-0.13027923236122882,1.234375
2022-01-31,ranker,0,long_short,-0.018956422304105717,-0.018956422304105717,2.2916666666666665
2022-02-28,ranker,0,long_short,0.058973051629345546,0.058973051629345546,1.984251968503937
2022-03-31,ranker,0,long_short,-0.07870327415923883,-0.07870327415923883,1.9790575916230368
2022-04-29,ranker,0,long_short,-0.04228150996497713,-0.04228150996497713,1.8429319371727748
2022-05-31,ranker,0,long_short,-0.03085895076879697,-0.03085895076879697,2.0539083557951483
2022-06-30,ranker,0,long_short,0.0617518749855857,0.0617518749855857,1.9676549865229112
2022-07-29,ranker,0,long_short,0.06011222678566429,0.06011222678566429,1.8736263736263736
2022-08-31,ranker,0,long_short,-0.018353350747524803,-0.018353350747524803,1.9886685552407932
2022-09-30,ranker,0,long_short,0.03184408069026184,0.03184408069026184,2.0736543909348444
2022-10-31,ranker,0,long_short,-0.0271346175597521,-0.0271346175597521,1.9316239316239316
2022-11-30,ranker,0,long_short,0.0006215463990429783,0.0006215463990429783,2.1818181818181817
2022-12-30,ranker,0,long_short,0.07479726311771252,0.07479726311771252,1.9831932773109244
2023-01-31,ranker,0,long_short,-0.03830080848881746,-0.03830080848881746,2.579234972677596
2023-02-28,ranker,0,long_short,-0.04379608394758663,-0.04379608394758663,2.3060109289617485
2023-03-31,ranker,0,long_short,-0.02613964381202785,-0.02613964381202785,2.2994350282485874
2023-04-28,ranker,0,long_short,-0.00041574484299328554,-0.00041574484299328554,2.2298850574712645
2023-05-31,ranker,0,long_short,0.03550791831076692,0.03550791831076692,2.2
2023-06-30,ranker,0,long_short,0.03523451781718841,0.03523451781718841,1.9490084985835694
2023-07-31,ranker,0,long_short,-0.031615504334545866,-0.031615504334545866,1.9320113314447591
2023-08-31,ranker,0,long_short,-0.0724140050616082,-0.0724140050616082,2.1871345029239766
2023-09-29,ranker,0,long_short,-0.050688773362666896,-0.050688773362666896,1.9584569732937684
2023-10-31,ranker,0,long_short,0.05873215895913743,0.05873215895913743,2.054711246200608
2016-01-29,ranker,5,long_short,0.008374958948329358,0.007374958948329358,2.0
2016-02-29,ranker,5,long_short,0.01813799671483581,0.017054663381502477,2.1666666666666665
2016-03-31,ranker,5,long_short,0.0369219981068811,0.03600375911317041,1.8364779874213837
2016-04-29,ranker,5,long_short,0.0012414866394591755,0.00024463129354722573,1.9937106918238994
2016-05-31,ranker,5,long_short,-0.0014141091498736937,-0.0024203396794687092,2.012461059190031
2016-06-30,ranker,5,long_short,0.040470071469198086,0.03943995098727038,2.0602409638554215
2016-07-29,ranker,5,long_short,0.02877601828581765,0.027727825514733313,2.096385542168675
2016-08-31,ranker,5,long_short,0.05095983843733442,0.04990411088315485,2.111455108359133
2016-09-30,ranker,5,long_short,-0.05765844417324044,-0.05859402699532633,1.871165644171779
2016-10-31,ranker,5,long_short,0.05980215789963147,0.05890031740883392,1.803680981595092
2016-11-30,ranker,5,long_short,-0.0098356330847468,-0.01087754925241147,2.0838323353293413
2016-12-30,ranker,5,long_short,0.015580617538102545,0.014665412859739971,1.8304093567251463
2017-01-31,ranker,5,long_short,0.032197492967013124,0.030957726885141777,2.4795321637426904
2017-02-28,ranker,5,long_short,-0.011713951602880916,-0.012312753998090497,1.1976047904191618
2017-03-31,ranker,5,long_short,-0.0019426226263821453,-0.00249352082997496,1.1017964071856288
2017-04-28,ranker,5,long_short,-0.03224900984670925,-0.0328208661341344,1.1437125748502994
2017-05-31,ranker,5,long_short,0.03368903484512814,0.03302946037704303,1.319148936170213
2017-06-30,ranker,5,long_short,-0.023658049120750313,-0.024265718737269487,1.2153392330383481
2017-07-31,ranker,5,long_short,-0.013533524868468752,-0.014147094190002676,1.2271386430678466
2017-08-31,ranker,5,long_short,0.053247606410861376,0.052591164693069965,1.312883435582822
2017-09-29,ranker,5,long_short,-0.042129273741301605,-0.04263830988587992,1.0180722891566265
2017-10-31,ranker,5,long_short,0.042534836869377424,0.041986644098293086,1.0963855421686748
2017-11-30,ranker,5,long_short,0.056695197033377054,0.05610238266211957,1.18562874251497
2017-12-29,ranker,5,long_short,-0.0023581467332051097,-0.002937856878132646,1.1594202898550725
2018-01-31,ranker,5,long_short,0.01702450014274635,0.016215804490572437,1.617391304347826
2018-02-28,ranker,5,long_short,0.0003926049455022901,-0.00022948807775352386,1.244186046511628
2018-03-29,ranker,5,long_short,0.037740569821676506,0.0370826750848344,1.3157894736842106
2018-04-30,ranker,5,long_short,0.08032504911873996,0.07969893635909604,1.252225519287834
2018-05-31,ranker,5,long_short,0.017623738476225195,0.016934186237419224,1.3791044776119403
2018-06-29,ranker,5,long_short,-0.018779265267580402,-0.019434437681373505,1.3103448275862069
2018-07-31,ranker,5,long_short,0.0214906288649497,0.020800973692535907,1.3793103448275863
2018-08-31,ranker,5,long_short,-0.026320240556733064,-0.02692203696391869,1.2035928143712573
2018-09-28,ranker,5,long_short,-0.08223995651992164,-0.0828109624370814,1.1420118343195267
2018-10-31,ranker,5,long_short,-0.04051153719501052,-0.041156507609211704,1.2899408284023668
2018-11-30,ranker,5,long_short,-0.07851459658397862,-0.07911876325064529,1.2083333333333335
2018-12-31,ranker,5,long_short,0.05565102073458803,0.05490627598984329,1.4894894894894894
2019-01-31,ranker,5,long_short,0.04492381386003237,0.043806696742915256,2.234234234234234
2019-02-28,ranker,5,long_short,-0.04255510140066582,-0.04334894755451197,1.5876923076923077
2019-03-29,ranker,5,long_short,-0.005492125811250923,-0.0061072773264024376,1.2303030303030302
2019-04-30,ranker,5,long_short,-0.06135718269904165,-0.06194809178995074,1.1818181818181819
2019-05-31,ranker,5,long_short,0.02929689463092301,0.028579971553999932,1.4338461538461538
2019-06-28,ranker,5,long_short,-0.025452172399004956,-0.02603301072235825,1.1616766467065867
2019-07-31,ranker,5,long_short,-0.04258623727435832,-0.04321198577735233,1.251497005988024
2019-08-30,ranker,5,long_short,0.007920210211453654,0.0071833681061904955,1.473684210526316
2019-09-30,ranker,5,long_short,0.04495985828339211,0.044343759212184676,1.2321981424148607
2019-10-31,ranker,5,long_short,0.05046204971097035,0.04975307138279697,1.4179566563467492
2019-11-29,ranker,5,long_short,0.05642017894786221,0.05569830394786221,1.4437499999999999
2019-12-31,ranker,5,long_short,-0.04878838645603216,-0.049448087948569475,1.319402985074627
2020-01-31,ranker,5,long_short,-0.015377143360768867,-0.016508486644350957,2.262686567164179
2020-03-31,ranker,5,long_short,0.24717580057282074,0.24583448320755127,2.682634730538922
2020-04-30,ranker,5,long_short,0.08610432987336869,0.08527705714609596,1.6545454545454545
2020-05-29,ranker,5,long_short,0.018213535608446317,0.017438844250421626,1.549382716049383
2020-06-30,ranker,5,long_short,0.011761272053211595,0.010873698088714552,1.775147928994083
2020-07-31,ranker,5,long_short,0.0013194348500240945,0.0005738727198465796,1.4911242603550297
2020-08-31,ranker,5,long_short,0.016778344964032858,0.01601786592211669,1.5209580838323353
2020-09-30,ranker,5,long_short,0.006631579102653074,0.005862118024808762,1.5389221556886228
2020-10-30,ranker,5,long_short,0.11327087819377855,0.11249444314846134,1.552870090634441
2020-11-30,ranker,5,long_short,0.061766644467867574,0.06091824796640985,1.6967930029154519
2020-12-31,ranker,5,long_short,0.16197400789766414,0.16119684912329088,1.5543175487465182
2021-01-29,ranker,5,long_short,0.008250180296488238,0.007330825457778561,1.8387096774193548
2021-02-26,ranker,5,long_short,-0.13431073055288606,-0.13487323055288605,1.1250000000000002
2021-03-31,ranker,5,long_short,-0.05656926777073225,-0.0571325752642723,1.1266149870801032
2021-04-30,ranker,5,long_short,0.007351189642221122,0.006795634086665566,1.111111111111111
2021-05-28,ranker,5,long_short,0.036595467930199396,0.036051932310146625,1.087071240105541
2021-06-30,ranker,5,long_short,-0.09843891073043136,-0.09906733965811215,1.2568578553615959
2021-07-30,ranker,5,long_short,0.01609618165343726,0.015485209084858707,1.2219451371571073
2021-08-31,ranker,5,long_short,-0.02261178181925902,-0.023223483946918595,1.2234042553191489
2021-09-30,ranker,5,long_short,-0.020254662954891034,-0.020791505060154192,1.0736842105263158
2021-10-29,ranker,5,long_short,-0.07568486689463151,-0.07624802478936836,1.1263157894736842
2021-11-30,ranker,5,long_short,-0.02724195694074848,-0.027887626232087064,1.2913385826771653
2021-12-31,ranker,5,long_short,-0.13027923236122882,-0.13089641986122882,1.234375
2022-01-31,ranker,5,long_short,-0.018956422304105717,-0.02010225563743905,2.2916666666666665
2022-02-28,ranker,5,long_short,0.058973051629345546,0.05798092564509358,1.984251968503937
2022-03-31,ranker,5,long_short,-0.07870327415923883,-0.07969280295505035,1.9790575916230368
2022-04-29,ranker,5,long_short,-0.04228150996497713,-0.043202975933563516,1.8429319371727748
2022-05-31,ranker,5,long_short,-0.03085895076879697,-0.03188590494669454,2.0539083557951483
2022-06-30,ranker,5,long_short,0.0617518749855857,0.06076804749232424,1.9676549865229112
2022-07-29,ranker,5,long_short,0.06011222678566429,0.059175413598851104,1.8736263736263736
2022-08-31,ranker,5,long_short,-0.018353350747524803,-0.019347685025145202,1.9886685552407932
2022-09-30,ranker,5,long_short,0.03184408069026184,0.030807253494794417,2.0736543909348444
2022-10-31,ranker,5,long_short,-0.0271346175597521,-0.028100429525564064,1.9316239316239316
2022-11-30,ranker,5,long_short,0.0006215463990429783,-0.00046936269186611266,2.1818181818181817
2022-12-30,ranker,5,long_short,0.07479726311771252,0.07380566647905706,1.9831932773109244
2023-01-31,ranker,5,long_short,-0.03830080848881746,-0.03959042597515625,2.579234972677596
2023-02-28,ranker,5,long_short,-0.04379608394758663,-0.0449490894120675,2.3060109289617485
2023-03-31,ranker,5,long_short,-0.02613964381202785,-0.02728936132615214,2.2994350282485874
2023-04-28,ranker,5,long_short,-0.00041574484299328554,-0.0015306873717289178,2.2298850574712645
2023-05-31,ranker,5,long_short,0.03550791831076692,0.03440791831076692,2.2
2023-06-30,ranker,5,long_short,0.03523451781718841,0.034260013567896624,1.9490084985835694
2023-07-31,ranker,5,long_short,-0.031615504334545866,-0.032581510000268245,1.9320113314447591
2023-08-31,ranker,5,long_short,-0.0724140050616082,-0.07350757231307019,2.1871345029239766
2023-09-29,ranker,5,long_short,-0.050688773362666896,-0.05166800184931378,1.9584569732937684
2023-10-31,ranker,5,long_short,0.05873215895913743,0.05770480333603713,2.054711246200608
2016-01-29,ranker,10,long_short,0.008374958948329358,0.006374958948329358,2.0
2016-02-29,ranker,10,long_short,0.01813799671483581,0.01597133004816914,2.1666666666666665
2016-03-31,ranker,10,long_short,0.0369219981068811,0.035085520119459715,1.8364779874213837
2016-04-29,ranker,10,long_short,0.0012414866394591755,-0.000752224052364724,1.9937106918238994
2016-05-31,ranker,10,long_short,-0.0014141091498736937,-0.003426570209063725,2.012461059190031
2016-06-30,ranker,10,long_short,0.040470071469198086,0.03840983050534266,2.0602409638554215
2016-07-29,ranker,10,long_short,0.02877601828581765,0.026679632743648977,2.096385542168675
2016-08-31,ranker,10,long_short,0.05095983843733442,0.04884838332897529,2.111455108359133
2016-09-30,ranker,10,long_short,-0.05765844417324044,-0.05952960981741222,1.871165644171779
2016-10-31,ranker,10,long_short,0.05980215789963147,0.057998476918036376,1.803680981595092
2016-11-30,ranker,10,long_short,-0.0098356330847468,-0.011919465420076141,2.0838323353293413
2016-12-30,ranker,10,long_short,0.015580617538102545,0.013750208181377399,1.8304093567251463
2017-01-31,ranker,10,long_short,0.032197492967013124,0.029717960803270434,2.4795321637426904
2017-02-28,ranker,10,long_short,-0.011713951602880916,-0.012911556393300078,1.1976047904191618
2017-03-31,ranker,10,long_short,-0.0019426226263821453,-0.003044419033567774,1.1017964071856288
2017-04-28,ranker,10,long_short,-0.03224900984670925,-0.03339272242155955,1.1437125748502994
2017-05-31,ranker,10,long_short,0.03368903484512814,0.03236988590895793,1.319148936170213
2017-06-30,ranker,10,long_short,-0.023658049120750313,-0.02487338835378866,1.2153392330383481
2017-07-31,ranker,10,long_short,-0.013533524868468752,-0.014760663511536598,1.2271386430678466
2017-08-31,ranker,10,long_short,0.053247606410861376,0.051934722975278555,1.312883435582822
2017-09-29,ranker,10,long_short,-0.042129273741301605,-0.04314734603045823,1.0180722891566265
2017-10-31,ranker,10,long_short,0.042534836869377424,0.04143845132720875,1.0963855421686748
2017-11-30,ranker,10,long_short,0.056695197033377054,0.05550956829086209,1.18562874251497
2017-12-29,ranker,10,long_short,-0.0023581467332051097,-0.0035175670230601823,1.1594202898550725
2018-01-31,ranker,10,long_short,0.01702450014274635,0.015407108838398525,1.617391304347826
2018-02-28,ranker,10,long_short,0.0003926049455022901,-0.0008515811010093377,1.244186046511628
2018-03-29,ranker,10,long_short,0.037740569821676506,0.0364247803479923,1.3157894736842106
2018-04-30,ranker,10,long_short,0.08032504911873996,0.07907282359945213,1.252225519287834
2018-05-31,ranker,10,long_short,0.017623738476225195,0.016244633998613256,1.3791044776119403
2018-06-29,ranker,10,long_short,-0.018779265267580402,-0.020089610095166608,1.3103448275862069
2018-07-31,ranker,10,long_short,0.0214906288649497,0.020111318520122115,1.3793103448275863
2018-08-31,ranker,10,long_short,-0.026320240556733064,-0.027523833371104322,1.2035928143712573
2018-09-28,ranker,10,long_short,-0.08223995651992164,-0.08338196835424116,1.1420118343195267
2018-10-31,ranker,10,long_short,-0.04051153719501052,-0.041801478023412886,1.2899408284023668
2018-11-30,ranker,10,long_short,-0.07851459658397862,-0.07972292991731196,1.2083333333333335
2018-12-31,ranker,10,long_short,0.05565102073458803,0.054161531245098544,1.4894894894894894
2019-01-31,ranker,10,long_short,0.04492381386003237,0.04268957962579814,2.234234234234234
2019-02-28,ranker,10,long_short,-0.04255510140066582,-0.04414279370835813,1.5876923076923077
2019-03-29,ranker,10,long_short,-0.005492125811250923,-0.006722428841553953,1.2303030303030302
2019-04-30,ranker,10,long_short,-0.06135718269904165,-0.06253900088085983,1.1818181818181819
2019-05-31,ranker,10,long_short,0.02929689463092301,0.027863048477076855,1.4338461538461538
2019-06-28,ranker,10,long_short,-0.025452172399004956,-0.026613849045711544,1.1616766467065867
2019-07-31,ranker,10,long_short,-0.04258623727435832,-0.04383773428034635,1.251497005988024
2019-08-30,ranker,10,long_short,0.007920210211453654,0.006446526000927337,1.473684210526316
2019-09-30,ranker,10,long_short,0.04495985828339211,0.043727660140977245,1.2321981424148607
2019-10-31,ranker,10,long_short,0.05046204971097035,0.049044093054623594,1.4179566563467492
2019-11-29,ranker,10,long_short,0.05642017894786221,0.054976428947862206,1.4437499999999999
2019-12-31,ranker,10,long_short,-0.04878838645603216,-0.05010778944110679,1.319402985074627
2020-01-31,ranker,10,long_short,-0.015377143360768867,-0.017639829927933046,2.262686567164179
2020-03-31,ranker,10,long_short,0.24717580057282074,0.2444931658422818,2.682634730538922
2020-04-30,ranker,10,long_short,0.08610432987336869,0.08444978441882324,1.6545454545454545
2020-05-29,ranker,10,long_short,0.018213535608446317,0.016664152892396936,1.549382716049383
2020-06-30,ranker,10,long_short,0.011761272053211595,0.009986124124217512,1.775147928994083
2020-07-31,ranker,10,long_short,0.0013194348500240945,-0.0001716894103309353,1.4911242603550297
2020-08-31,ranker,10,long_short,0.016778344964032858,0.015257386880200521,1.5209580838323353
2020-09-30,ranker,10,long_short,0.006631579102653074,0.0050926569469644505,1.5389221556886228
2020-10-30,ranker,10,long_short,0.11327087819377855,0.11171800810314411,1.552870090634441
2020-11-30,ranker,10,long_short,0.061766644467867574,0.06006985146495212,1.6967930029154519
2020-12-31,ranker,10,long_short,0.16197400789766414,0.16041969034891762,1.5543175487465182
2021-01-29,ranker,10,long_short,0.008250180296488238,0.006411470619068883,1.8387096774193548
2021-02-26,ranker,10,long_short,-0.13431073055288606,-0.13543573055288605,1.1250000000000002
2021-03-31,ranker,10,long_short,-0.05656926777073225,-0.05769588275781235,1.1266149870801032
2021-04-30,ranker,10,long_short,0.007351189642221122,0.0062400785311100115,1.111111111111111
2021-05-28,ranker,10,long_short,0.036595467930199396,0.035508396690093855,1.087071240105541
2021-06-30,ranker,10,long_short,-0.09843891073043136,-0.09969576858579296,1.2568578553615959
2021-07-30,ranker,10,long_short,0.01609618165343726,0.014874236516280153,1.2219451371571073
2021-08-31,ranker,10,long_short,-0.02261178181925902,-0.023835186074578168,1.2234042553191489
2021-09-30,ranker,10,long_short,-0.020254662954891034,-0.02132834716541735,1.0736842105263158
2021-10-29,ranker,10,long_short,-0.07568486689463151,-0.0768111826841052,1.1263157894736842
2021-11-30,ranker,10,long_short,-0.02724195694074848,-0.028533295523425647,1.2913385826771653
2021-12-31,ranker,10,long_short,-0.13027923236122882,-0.13151360736122883,1.234375
2022-01-31,ranker,10,long_short,-0.018956422304105717,-0.021248088970772384,2.2916666666666665
2022-02-28,ranker,10,long_short,0.058973051629345546,0.05698879966084161,1.984251968503937
2022-03-31,ranker,10,long_short,-0.07870327415923883,-0.08068233175086187,1.9790575916230368
2022-04-29,ranker,10,long_short,-0.04228150996497713,-0.044124441902149904,1.8429319371727748
2022-05-31,ranker,10,long_short,-0.03085895076879697,-0.03291285912459212,2.0539083557951483
2022-06-30,ranker,10,long_short,0.0617518749855857,0.05978421999906279,1.9676549865229112
2022-07-29,ranker,10,long_short,0.06011222678566429,0.05823860041203791,1.8736263736263736
2022-08-31,ranker,10,long_short,-0.018353350747524803,-0.020342019302765597,1.9886685552407932
2022-09-30,ranker,10,long_short,0.03184408069026184,0.029770426299326993,2.0736543909348444
2022-10-31,ranker,10,long_short,-0.0271346175597521,-0.02906624149137603,1.9316239316239316
2022-11-30,ranker,10,long_short,0.0006215463990429783,-0.0015602717827752036,2.1818181818181817
2022-12-30,ranker,10,long_short,0.07479726311771252,0.0728140698404016,1.9831932773109244
2023-01-31,ranker,10,long_short,-0.03830080848881746,-0.040880043461495055,2.579234972677596
2023-02-28,ranker,10,long_short,-0.04379608394758663,-0.04610209487654837,2.3060109289617485
2023-03-31,ranker,10,long_short,-0.02613964381202785,-0.028439078840276435,2.2994350282485874
2023-04-28,ranker,10,long_short,-0.00041574484299328554,-0.00264562990046455,2.2298850574712645
2023-05-31,ranker,10,long_short,0.03550791831076692,0.03330791831076692,2.2
2023-06-30,ranker,10,long_short,0.03523451781718841,0.033285509318604835,1.9490084985835694
2023-07-31,ranker,10,long_short,-0.031615504334545866,-0.033547515665990624,1.9320113314447591
2023-08-31,ranker,10,long_short,-0.0724140050616082,-0.07460113956453217,2.1871345029239766
2023-09-29,ranker,10,long_short,-0.050688773362666896,-0.052647230335960665,1.9584569732937684
2023-10-31,ranker,10,long_short,0.05873215895913743,0.05667744771293682,2.054711246200608
2016-01-29,ranker,20,long_short,0.008374958948329358,0.004374958948329358,2.0
2016-02-29,ranker,20,long_short,0.01813799671483581,0.013804663381502475,2.1666666666666665
2016-03-31,ranker,20,long_short,0.0369219981068811,0.03324904213203833,1.8364779874213837
2016-04-29,ranker,20,long_short,0.0012414866394591755,-0.0027459347441886233,1.9937106918238994
2016-05-31,ranker,20,long_short,-0.0014141091498736937,-0.005439031268253756,2.012461059190031
2016-06-30,ranker,20,long_short,0.040470071469198086,0.036349589541487246,2.0602409638554215
2016-07-29,ranker,20,long_short,0.02877601828581765,0.0245832472014803,2.096385542168675
2016-08-31,ranker,20,long_short,0.05095983843733442,0.046736928220616154,2.111455108359133
2016-09-30,ranker,20,long_short,-0.05765844417324044,-0.061400775461584,1.871165644171779
2016-10-31,ranker,20,long_short,0.05980215789963147,0.056194795936441284,1.803680981595092
2016-11-30,ranker,20,long_short,-0.0098356330847468,-0.014003297755405483,2.0838323353293413
2016-12-30,ranker,20,long_short,0.015580617538102545,0.011919798824652252,1.8304093567251463
2017-01-31,ranker,20,long_short,0.032197492967013124,0.027238428639527742,2.4795321637426904
2017-02-28,ranker,20,long_short,-0.011713951602880916,-0.01410916118371924,1.1976047904191618
2017-03-31,ranker,20,long_short,-0.0019426226263821453,-0.0041462154407534025,1.1017964071856288
2017-04-28,ranker,20,long_short,-0.03224900984670925,-0.034536434996409855,1.1437125748502994
2017-05-31,ranker,20,long_short,0.03368903484512814,0.031050736972787714,1.319148936170213
2017-06-30,ranker,20,long_short,-0.023658049120750313,-0.02608872758682701,1.2153392330383481
2017-07-31,ranker,20,long_short,-0.013533524868468752,-0.015987802154604446,1.2271386430678466
2017-08-31,ranker,20,long_short,0.053247606410861376,0.050621839539695734,1.312883435582822
2017-09-29,ranker,20,long_short,-0.042129273741301605,-0.04416541831961486,1.0180722891566265
2017-10-31,ranker,20,long_short,0.042534836869377424,0.04034206578504007,1.0963855421686748
2017-11-30,ranker,20,long_short,0.056695197033377054,0.05432393954834711,1.18562874251497
2017-12-29,ranker,20,long_short,-0.0023581467332051097,-0.004676987312915255,1.1594202898550725
2018-01-31,ranker,20,long_short,0.01702450014274635,0.0137897175340507,1.617391304347826
2018-02-28,ranker,20,long_short,0.0003926049455022901,-0.0020957671475209656,1.244186046511628
2018-03-29,ranker,20,long_short,0.037740569821676506,0.035108990874308084,1.3157894736842106
2018-04-30,ranker,20,long_short,0.08032504911873996,0.0778205980801643,1.252225519287834
2018-05-31,ranker,20,long_short,0.017623738476225195,0.014865529521001314,1.3791044776119403
2018-06-29,ranker,20,long_short,-0.018779265267580402,-0.021399954922752817,1.3103448275862069
2018-07-31,ranker,20,long_short,0.0214906288649497,0.018732008175294527,1.3793103448275863
2018-08-31,ranker,20,long_short,-0.026320240556733064,-0.02872742618547558,1.2035928143712573
2018-09-28,ranker,20,long_short,-0.08223995651992164,-0.0845239801885607,1.1420118343195267
2018-10-31,ranker,20,long_short,-0.04051153719501052,-0.04309141885181526,1.2899408284023668
2018-11-30,ranker,20,long_short,-0.07851459658397862,-0.08093126325064529,1.2083333333333335
2018-12-31,ranker,20,long_short,0.05565102073458803,0.05267204175560905,1.4894894894894894
2019-01-31,ranker,20,long_short,0.04492381386003237,0.0404553453915639,2.234234234234234
2019-02-28,ranker,20,long_short,-0.04255510140066582,-0.04573048601605043,1.5876923076923077
2019-03-29,ranker,20,long_short,-0.005492125811250923,-0.007952731871856984,1.2303030303030302
2019-04-30,ranker,20,long_short,-0.06135718269904165,-0.06372081906267801,1.1818181818181819
2019-05-31,ranker,20,long_short,0.02929689463092301,0.0264292023232307,1.4338461538461538
2019-06-28,ranker,20,long_short,-0.025452172399004956,-0.02777552569241813,1.1616766467065867
2019-07-31,ranker,20,long_short,-0.04258623727435832,-0.045089231286334366,1.251497005988024
2019-08-30,ranker,20,long_short,0.007920210211453654,0.004972841790401021,1.473684210526316
2019-09-30,ranker,20,long_short,0.04495985828339211,0.042495461998562384,1.2321981424148607
2019-10-31,ranker,20,long_short,0.05046204971097035,0.04762613639827685,1.4179566563467492
2019-11-29,ranker,20,long_short,0.05642017894786221,0.053532678947862206,1.4437499999999999
2019-12-31,ranker,20,long_short,-0.04878838645603216,-0.05142719242618141,1.319402985074627
2020-01-31,ranker,20,long_short,-0.015377143360768867,-0.019902516495097226,2.262686567164179
2020-03-31,ranker,20,long_short,0.24717580057282074,0.2418105311117429,2.682634730538922
2020-04-30,ranker,20,long_short,0.08610432987336869,0.08279523896427778,1.6545454545454545
2020-05-29,ranker,20,long_short,0.018213535608446317,0.01511477017634755,1.549382716049383
2020-06-30,ranker,20,long_short,0.011761272053211595,0.00821097619522343,1.775147928994083
2020-07-31,ranker,20,long_short,0.0013194348500240945,-0.001662813670685965,1.4911242603550297
2020-08-31,ranker,20,long_short,0.016778344964032858,0.013736428796368187,1.5209580838323353
2020-09-30,ranker,20,long_short,0.006631579102653074,0.003553734791275828,1.5389221556886228
2020-10-30,ranker,20,long_short,0.11327087819377855,0.11016513801250967,1.552870090634441
2020-11-30,ranker,20,long_short,0.061766644467867574,0.05837305846203667,1.6967930029154519
2020-12-31,ranker,20,long_short,0.16197400789766414,0.1588653728001711,1.5543175487465182
2021-01-29,ranker,20,long_short,0.008250180296488238,0.004572760941649528,1.8387096774193548
2021-02-26,ranker,20,long_short,-0.13431073055288606,-0.13656073055288606,1.1250000000000002
2021-03-31,ranker,20,long_short,-0.05656926777073225,-0.058822497744892455,1.1266149870801032
2021-04-30,ranker,20,long_short,0.007351189642221122,0.0051289674199989,1.111111111111111
2021-05-28,ranker,20,long_short,0.036595467930199396,0.03442132544998831,1.087071240105541
2021-06-30,ranker,20,long_short,-0.09843891073043136,-0.10095262644115455,1.2568578553615959
2021-07-30,ranker,20,long_short,0.01609618165343726,0.013652291379123046,1.2219451371571073
2021-08-31,ranker,20,long_short,-0.02261178181925902,-0.025058590329897316,1.2234042553191489
2021-09-30,ranker,20,long_short,-0.020254662954891034,-0.022402031375943664,1.0736842105263158
2021-10-29,ranker,20,long_short,-0.07568486689463151,-0.07793749847357888,1.1263157894736842
2021-11-30,ranker,20,long_short,-0.02724195694074848,-0.02982463410610281,1.2913385826771653
2021-12-31,ranker,20,long_short,-0.13027923236122882,-0.1327479823612288,1.234375
2022-01-31,ranker,20,long_short,-0.018956422304105717,-0.02353975563743905,2.2916666666666665
2022-02-28,ranker,20,long_short,0.058973051629345546,0.055004547692337674,1.984251968503937
2022-03-31,ranker,20,long_short,-0.07870327415923883,-0.0826613893424849,1.9790575916230368
2022-04-29,ranker,20,long_short,-0.04228150996497713,-0.04596737383932268,1.8429319371727748
2022-05-31,ranker,20,long_short,-0.03085895076879697,-0.03496676748038727,2.0539083557951483
2022-06-30,ranker,20,long_short,0.0617518749855857,0.05781656501253988,1.9676549865229112
2022-07-29,ranker,20,long_short,0.06011222678566429,0.05636497403841154,1.8736263736263736
2022-08-31,ranker,20,long_short,-0.018353350747524803,-0.02233068785800639,1.9886685552407932
2022-09-30,ranker,20,long_short,0.03184408069026184,0.027696771908392148,2.0736543909348444
2022-10-31,ranker,20,long_short,-0.0271346175597521,-0.03099786542299996,1.9316239316239316
2022-11-30,ranker,20,long_short,0.0006215463990429783,-0.0037420899645933857,2.1818181818181817
2022-12-30,ranker,20,long_short,0.07479726311771252,0.07083087656309067,1.9831932773109244
2023-01-31,ranker,20,long_short,-0.03830080848881746,-0.043459278434172646,2.579234972677596
2023-02-28,ranker,20,long_short,-0.04379608394758663,-0.048408105805510124,2.3060109289617485
2023-03-31,ranker,20,long_short,-0.02613964381202785,-0.030738513868525025,2.2994350282485874
2023-04-28,ranker,20,long_short,-0.00041574484299328554,-0.004875514957935815,2.2298850574712645
2023-05-31,ranker,20,long_short,0.03550791831076692,0.031107918310766917,2.2
2023-06-30,ranker,20,long_short,0.03523451781718841,0.03133650082002127,1.9490084985835694
2023-07-31,ranker,20,long_short,-0.031615504334545866,-0.03547952699743538,1.9320113314447591
2023-08-31,ranker,20,long_short,-0.0724140050616082,-0.07678827406745614,2.1871345029239766
2023-09-29,ranker,20,long_short,-0.050688773362666896,-0.054605687309254435,1.9584569732937684
2023-10-31,ranker,20,long_short,0.05873215895913743,0.05462273646673621,2.054711246200608
2016-01-29,ensemble,0,long_only,0.022824901570459778,0.022824901570459778,1.0
2016-02-29,ensemble,0,long_only,0.04590642959640456,0.04590642959640456,1.1666666666666667
2016-03-31,ensemble,0,long_only,0.036749200484873755,0.036749200484873755,1.1572327044025157
2016-04-29,ensemble,0,long_only,-0.0028861742171021067,-0.0028861742171021067,1.2075471698113207
2016-05-31,ensemble,0,long_only,-0.0186783703979995,-0.0186783703979995,1.190031152647975
2016-06-30,ensemble,0,long_only,0.05368967876057539,0.05368967876057539,1.0662650602409638
2016-07-29,ensemble,0,long_only,0.02736618075690011,0.02736618075690011,1.0421686746987953
2016-08-31,ensemble,0,long_only,0.03078144603442951,0.03078144603442951,1.1021671826625388
2016-09-30,ensemble,0,long_only,-0.051748451850163246,-0.051748451850163246,1.030674846625767
2016-10-31,ensemble,0,long_only,0.09481669979966245,0.09481669979966245,1.01840490797546
2016-11-30,ensemble,0,long_only,0.009326543193882523,0.009326543193882523,1.1556886227544911
2016-12-30,ensemble,0,long_only,0.009612504260972042,0.009612504260972042,1.0467836257309941
2017-01-31,ensemble,0,long_only,0.030289650233482495,0.030289650233482495,1.2982456140350878
2017-02-28,ensemble,0,long_only,-0.019049461909573368,-0.019049461909573368,1.3532934131736527
2017-03-31,ensemble,0,long_only,0.02692773140438147,0.02692773140438147,1.3053892215568863
2017-04-28,ensemble,0,long_only,-0.021673502228361122,-0.021673502228361122,1.3892215568862276
2017-05-31,ensemble,0,long_only,0.036684395352243444,0.036684395352243444,1.4042553191489362
2017-06-30,ensemble,0,long_only,0.008170558412096098,0.008170558412096098,1.3569321533923304
2017-07-31,ensemble,0,long_only,-0.009619908017199254,-0.009619908017199254,1.238938053097345
2017-08-31,ensemble,0,long_only,0.06066773184144789,0.06066773184144789,1.3496932515337423
2017-09-29,ensemble,0,long_only,-0.020415643062478672,-0.020415643062478672,1.1987951807228916
2017-10-31,ensemble,0,long_only,0.031083031536891924,0.031083031536891924,1.2710843373493976
2017-11-30,ensemble,0,long_only,0.019212224422209004,0.019212224422209004,1.377245508982036
2017-12-29,ensemble,0,long_only,0.027047124812365157,0.027047124812365157,1.1594202898550725
2018-01-31,ensemble,0,long_only,-0.03532719715686792,-0.03532719715686792,1.472463768115942
2018-02-28,ensemble,0,long_only,0.0003630930083937915,0.0003630930083937915,1.3023255813953487
2018-03-29,ensemble,0,long_only,0.0472236079742542,0.0472236079742542,1.286549707602339
2018-04-30,ensemble,0,long_only,0.06989901233286978,0.06989901233286978,1.228486646884273
2018-05-31,ensemble,0,long_only,-0.004915543098352254,-0.004915543098352254,1.2
2018-06-29,ensemble,0,long_only,0.00958076715014216,0.00958076715014216,1.1954022988505748
2018-07-31,ensemble,0,long_only,0.051019429784205025,0.051019429784205025,1.2241379310344829
2018-08-31,ensemble,0,long_only,-0.03923584206276018,-0.03923584206276018,1.3173652694610778
2018-09-28,ensemble,0,long_only,-0.14231825890320274,-0.14231825890320274,1.1301775147928994
2018-10-31,ensemble,0,long_only,-0.01558901456271133,-0.01558901456271133,1.3727810650887573
2018-11-30,ensemble,0,long_only,-0.1567249079370622,-0.1567249079370622,1.4285714285714286
2018-12-31,ensemble,0,long_only,0.12178382773029535,0.12178382773029535,1.3633633633633633
2019-01-31,ensemble,0,long_only,0.049904831165673284,0.049904831165673284,1.5855855855855856
2019-02-28,ensemble,0,long_only,-0.030529212380769055,-0.030529212380769055,1.2923076923076924
2019-03-29,ensemble,0,long_only,0.01736575311853775,0.01736575311853775,1.303030303030303
2019-04-30,ensemble,0,long_only,-0.07591868226178315,-0.07591868226178315,1.2666666666666666
2019-05-31,ensemble,0,long_only,0.10297675201148931,0.10297675201148931,1.2861538461538462
2019-06-28,ensemble,0,long_only,0.011681356568748634,0.011681356568748634,1.5209580838323353
2019-07-31,ensemble,0,long_only,-0.05017908796389137,-0.05017908796389137,1.3532934131736527
2019-08-30,ensemble,0,long_only,0.012189169811203196,0.012189169811203196,1.4427244582043344
2019-09-30,ensemble,0,long_only,0.0586433159936966,0.0586433159936966,1.2941176470588236
2019-10-31,ensemble,0,long_only,0.018593434271272954,0.018593434271272954,1.3374613003095976
2019-11-29,ensemble,0,long_only,0.05099492662327956,0.05099492662327956,1.3375
2019-12-31,ensemble,0,long_only,-0.04082969250067365,-0.04082969250067365,1.2776119402985076
2020-01-31,ensemble,0,long_only,-0.10067217727275098,-0.10067217727275098,1.301492537313433
2020-03-31,ensemble,0,long_only,0.3704695169197488,0.3704695169197488,1.5748502994011977
2020-04-30,ensemble,0,long_only,0.11927249322208532,0.11927249322208532,1.5272727272727271
2020-05-29,ensemble,0,long_only,0.017505328517077545,0.017505328517077545,1.1728395061728396
2020-06-30,ensemble,0,long_only,0.0556769243658284,0.0556769243658284,1.1183431952662723
2020-07-31,ensemble,0,long_only,0.053866989297027726,0.053866989297027726,1.2544378698224852
2020-08-31,ensemble,0,long_only,-0.049292382891599706,-0.049292382891599706,1.251497005988024
2020-09-30,ensemble,0,long_only,0.016230302567450623,0.016230302567450623,1.0718562874251496
2020-10-30,ensemble,0,long_only,0.18390081311504364,0.18390081311504364,1.093655589123867
2020-11-30,ensemble,0,long_only,0.0944908102721342,0.0944908102721342,1.119533527696793
2020-12-31,ensemble,0,long_only,0.12030539162409101,0.12030539162409101,1.1086350974930361
2021-01-29,ensemble,0,long_only,0.07045283736010981,0.07045283736010981,1.2150537634408602
2021-02-26,ensemble,0,long_only,-0.055880770699363855,-0.055880770699363855,0.7135416666666667
2021-03-31,ensemble,0,long_only,0.008151144135592144,0.008151144135592144,0.7493540051679586
2021-04-30,ensemble,0,long_only,0.020065447550449172,0.020065447550449172,0.7390180878552971
2021-05-28,ensemble,0,long_only,0.03384189479659615,0.03384189479659615,0.8548812664907651
2021-06-30,ensemble,0,long_only,-0.038387328920999525,-0.038387328920999525,0.6783042394014962
2021-07-30,ensemble,0,long_only,0.007107619369237249,0.007107619369237249,0.6783042394014962
2021-08-31,ensemble,0,long_only,-0.049963781553278006,-0.049963781553278006,0.6968085106382979
2021-09-30,ensemble,0,long_only,0.03154460098034039,0.03154460098034039,0.5947368421052631
2021-10-29,ensemble,0,long_only,-0.06961385551954376,-0.06961385551954376,0.6473684210526316
2021-11-30,ensemble,0,long_only,0.03159105570620973,0.03159105570620973,0.6981627296587927
2021-12-31,ensemble,0,long_only,-0.09615366526532207,-0.09615366526532207,0.5520833333333334
2022-01-31,ensemble,0,long_only,-0.045181545764015604,-0.045181545764015604,1.2135416666666667
2022-02-28,ensemble,0,long_only,0.06471208965222984,0.06471208965222984,1.1023622047244095
2022-03-31,ensemble,0,long_only,-0.08575832486165483,-0.08575832486165483,1.1361256544502618
2022-04-29,ensemble,0,long_only,-0.05816324746534741,-0.05816324746534741,1.256544502617801
2022-05-31,ensemble,0,long_only,-0.08082864997759442,-0.08082864997759442,1.2506738544474394
2022-06-30,ensemble,0,long_only,0.10504195780980022,0.10504195780980022,1.293800539083558
2022-07-29,ensemble,0,long_only,0.012253971247617786,0.012253971247617786,1.3681318681318682
2022-08-31,ensemble,0,long_only,-0.08255648801906743,-0.08255648801906743,1.2351274787535411
2022-09-30,ensemble,0,long_only,0.03348282562953163,0.03348282562953163,1.093484419263456
2022-10-31,ensemble,0,long_only,0.013465875722339128,0.013465875722339128,1.1566951566951567
2022-11-30,ensemble,0,long_only,-0.05752354180180675,-0.05752354180180675,1.1818181818181819
2022-12-30,ensemble,0,long_only,0.17142630822152632,0.17142630822152632,1.1260504201680672
2023-01-31,ensemble,0,long_only,-0.06188639794531517,-0.06188639794531517,1.2677595628415301
2023-02-28,ensemble,0,long_only,-0.045813224598058595,-0.045813224598058595,1.010928961748634
2023-03-31,ensemble,0,long_only,-0.06585913134350603,-0.06585913134350603,1.1073446327683616
2023-04-28,ensemble,0,long_only,0.01546754579438343,0.01546754579438343,0.9597701149425287
2023-05-31,ensemble,0,long_only,0.06771055475998725,0.06771055475998725,1.0823529411764705
2023-06-30,ensemble,0,long_only,0.06631036874999875,0.06631036874999875,1.019830028328612
2023-07-31,ensemble,0,long_only,-0.06677121848893931,-0.06677121848893931,1.0254957507082152
2023-08-31,ensemble,0,long_only,-0.12119248917613455,-0.12119248917613455,1.1169590643274854
2023-09-29,ensemble,0,long_only,-0.11307422902496257,-0.11307422902496257,0.9792284866468842
2023-10-31,ensemble,0,long_only,0.15199400055301632,0.15199400055301632,1.0395136778115501
2016-01-29,ensemble,5,long_only,0.022824901570459778,0.022324901570459778,1.0
2016-02-29,ensemble,5,long_only,0.04590642959640456,0.04532309626307123,1.1666666666666667
2016-03-31,ensemble,5,long_only,0.036749200484873755,0.0361705841326725,1.1572327044025157
2016-04-29,ensemble,5,long_only,-0.0028861742171021067,-0.0034899478020077672,1.2075471698113207
2016-05-31,ensemble,5,long_only,-0.0186783703979995,-0.019273385974323487,1.190031152647975
2016-06-30,ensemble,5,long_only,0.05368967876057539,0.05315654623045491,1.0662650602409638
2016-07-29,ensemble,5,long_only,0.02736618075690011,0.026845096419550712,1.0421686746987953
2016-08-31,ensemble,5,long_only,0.03078144603442951,0.03023036244309824,1.1021671826625388
2016-09-30,ensemble,5,long_only,-0.051748451850163246,-0.05226378927347613,1.030674846625767
2016-10-31,ensemble,5,long_only,0.09481669979966245,0.09430749734567472,1.01840490797546
2016-11-30,ensemble,5,long_only,0.009326543193882523,0.008748698882505276,1.1556886227544911
2016-12-30,ensemble,5,long_only,0.009612504260972042,0.009089112448106545,1.0467836257309941
2017-01-31,ensemble,5,long_only,0.030289650233482495,0.02964052742646495,1.2982456140350878
2017-02-28,ensemble,5,long_only,-0.019049461909573368,-0.019726108616160195,1.3532934131736527
2017-03-31,ensemble,5,long_only,0.02692773140438147,0.026275036793603025,1.3053892215568863
2017-04-28,ensemble,5,long_only,-0.021673502228361122,-0.022368113006804236,1.3892215568862276
2017-05-31,ensemble,5,long_only,0.036684395352243444,0.035982267692668976,1.4042553191489362
2017-06-30,ensemble,5,long_only,0.008170558412096098,0.007492092335399933,1.3569321533923304
2017-07-31,ensemble,5,long_only,-0.009619908017199254,-0.010239377043747926,1.238938053097345
2017-08-31,ensemble,5,long_only,0.06066773184144789,0.059992885215681024,1.3496932515337423
2017-09-29,ensemble,5,long_only,-0.020415643062478672,-0.021015040652840117,1.1987951807228916
2017-10-31,ensemble,5,long_only,0.031083031536891924,0.030447489368217225,1.2710843373493976
2017-11-30,ensemble,5,long_only,0.019212224422209004,0.018523601667717986,1.377245508982036
2017-12-29,ensemble,5,long_only,0.027047124812365157,0.02646741466743762,1.1594202898550725
2018-01-31,ensemble,5,long_only,-0.03532719715686792,-0.03606342904092589,1.472463768115942
2018-02-28,ensemble,5,long_only,0.0003630930083937915,-0.00028806978230388287,1.3023255813953487
2018-03-29,ensemble,5,long_only,0.0472236079742542,0.04658033312045303,1.286549707602339
2018-04-30,ensemble,5,long_only,0.06989901233286978,0.06928476900942765,1.228486646884273
2018-05-31,ensemble,5,long_only,-0.004915543098352254,-0.005515543098352254,1.2
2018-06-29,ensemble,5,long_only,0.00958076715014216,0.008983066000716872,1.1954022988505748
2018-07-31,ensemble,5,long_only,0.051019429784205025,0.05040736081868778,1.2241379310344829
2018-08-31,ensemble,5,long_only,-0.03923584206276018,-0.03989452469749072,1.3173652694610778
2018-09-28,ensemble,5,long_only,-0.14231825890320274,-0.14288334766059918,1.1301775147928994
2018-10-31,ensemble,5,long_only,-0.01558901456271133,-0.01627540509525571,1.3727810650887573
2018-11-30,ensemble,5,long_only,-0.1567249079370622,-0.15743919365134793,1.4285714285714286
2018-12-31,ensemble,5,long_only,0.12178382773029535,0.12110214604861366,1.3633633633633633
2019-01-31,ensemble,5,long_only,0.049904831165673284,0.049112038372880494,1.5855855855855856
2019-02-28,ensemble,5,long_only,-0.030529212380769055,-0.0311753662269229,1.2923076923076924
2019-03-29,ensemble,5,long_only,0.01736575311853775,0.016714237967022597,1.303030303030303
2019-04-30,ensemble,5,long_only,-0.07591868226178315,-0.07655201559511648,1.2666666666666666
2019-05-31,ensemble,5,long_only,0.10297675201148931,0.10233367508841239,1.2861538461538462
2019-06-28,ensemble,5,long_only,0.011681356568748634,0.010920877526832466,1.5209580838323353
2019-07-31,ensemble,5,long_only,-0.05017908796389137,-0.05085573467047819,1.3532934131736527
2019-08-30,ensemble,5,long_only,0.012189169811203196,0.011467807582101029,1.4427244582043344
2019-09-30,ensemble,5,long_only,0.0586433159936966,0.05799625717016719,1.2941176470588236
2019-10-31,ensemble,5,long_only,0.018593434271272954,0.017924703621118157,1.3374613003095976
2019-11-29,ensemble,5,long_only,0.05099492662327956,0.05032617662327956,1.3375
2019-12-31,ensemble,5,long_only,-0.04082969250067365,-0.0414684984708229,1.2776119402985076
2020-01-31,ensemble,5,long_only,-0.10067217727275098,-0.10132292354140769,1.301492537313433
2020-03-31,ensemble,5,long_only,0.3704695169197488,0.3696820917700482,1.5748502994011977
2020-04-30,ensemble,5,long_only,0.11927249322208532,0.11850885685844895,1.5272727272727271
2020-05-29,ensemble,5,long_only,0.017505328517077545,0.016918908763991124,1.1728395061728396
2020-06-30,ensemble,5,long_only,0.0556769243658284,0.05511775276819526,1.1183431952662723
2020-07-31,ensemble,5,long_only,0.053866989297027726,0.05323977036211648,1.2544378698224852
2020-08-31,ensemble,5,long_only,-0.049292382891599706,-0.049918131394593716,1.251497005988024
2020-09-30,ensemble,5,long_only,0.016230302567450623,0.01569437442373805,1.0718562874251496
2020-10-30,ensemble,5,long_only,0.18390081311504364,0.1833539853204817,1.093655589123867
2020-11-30,ensemble,5,long_only,0.0944908102721342,0.09393104350828581,1.119533527696793
2020-12-31,ensemble,5,long_only,0.12030539162409101,0.1197510740753445,1.1086350974930361
2021-01-29,ensemble,5,long_only,0.07045283736010981,0.06984531047838938,1.2150537634408602
2021-02-26,ensemble,5,long_only,-0.055880770699363855,-0.05623754153269719,0.7135416666666667
2021-03-31,ensemble,5,long_only,0.008151144135592144,0.007776467133008165,0.7493540051679586
2021-04-30,ensemble,5,long_only,0.020065447550449172,0.019695938506521522,0.7390180878552971
2021-05-28,ensemble,5,long_only,0.03384189479659615,0.03341445416335077,0.8548812664907651
2021-06-30,ensemble,5,long_only,-0.038387328920999525,-0.03872648104070027,0.6783042394014962
2021-07-30,ensemble,5,long_only,0.007107619369237249,0.006768467249536501,0.6783042394014962
2021-08-31,ensemble,5,long_only,-0.049963781553278006,-0.05031218580859716,0.6968085106382979
2021-09-30,ensemble,5,long_only,0.03154460098034039,0.031247232559287758,0.5947368421052631
2021-10-29,ensemble,5,long_only,-0.06961385551954376,-0.06993753973007007,0.6473684210526316
2021-11-30,ensemble,5,long_only,0.03159105570620973,0.031241974341380332,0.6981627296587927
2021-12-31,ensemble,5,long_only,-0.09615366526532207,-0.09642970693198874,0.5520833333333334
2022-01-31,ensemble,5,long_only,-0.045181545764015604,-0.04578831659734894,1.2135416666666667
2022-02-28,ensemble,5,long_only,0.06471208965222984,0.06416090854986764,1.1023622047244095
2022-03-31,ensemble,5,long_only,-0.08575832486165483,-0.08632638768887996,1.1361256544502618
2022-04-29,ensemble,5,long_only,-0.05816324746534741,-0.05879151971665631,1.256544502617801
2022-05-31,ensemble,5,long_only,-0.08082864997759442,-0.08145398690481814,1.2506738544474394
2022-06-30,ensemble,5,long_only,0.10504195780980022,0.10439505754025843,1.293800539083558
2022-07-29,ensemble,5,long_only,0.012253971247617786,0.011569905313551853,1.3681318681318682
2022-08-31,ensemble,5,long_only,-0.08255648801906743,-0.0831740517584442,1.2351274787535411
2022-09-30,ensemble,5,long_only,0.03348282562953163,0.0329360834198999,1.093484419263456
2022-10-31,ensemble,5,long_only,0.013465875722339128,0.01288752814399155,1.1566951566951567
2022-11-30,ensemble,5,long_only,-0.05752354180180675,-0.058114450892715844,1.1818181818181819
2022-12-30,ensemble,5,long_only,0.17142630822152632,0.1708632830114423,1.1260504201680672
2023-01-31,ensemble,5,long_only,-0.06188639794531517,-0.06252027772673593,1.2677595628415301
2023-02-28,ensemble,5,long_only,-0.045813224598058595,-0.04631868907893291,1.010928961748634
2023-03-31,ensemble,5,long_only,-0.06585913134350603,-0.06641280365989022,1.1073446327683616
2023-04-28,ensemble,5,long_only,0.01546754579438343,0.014987660736912165,0.9597701149425287
2023-05-31,ensemble,5,long_only,0.06771055475998725,0.067169378289399,1.0823529411764705
2023-06-30,ensemble,5,long_only,0.06631036874999875,0.06580045373583444,1.019830028328612
2023-07-31,ensemble,5,long_only,-0.06677121848893931,-0.06728396636429342,1.0254957507082152
2023-08-31,ensemble,5,long_only,-0.12119248917613455,-0.1217509687082983,1.1169590643274854
2023-09-29,ensemble,5,long_only,-0.11307422902496257,-0.11356384326828602,0.9792284866468842
2023-10-31,ensemble,5,long_only,0.15199400055301632,0.15147424371411053,1.0395136778115501
2016-01-29,ensemble,10,long_only,0.022824901570459778,0.021824901570459777,1.0
2016-02-29,ensemble,10,long_only,0.04590642959640456,0.04473976292973789,1.1666666666666667
2016-03-31,ensemble,10,long_only,0.036749200484873755,0.03559196778047124,1.1572327044025157
2016-04-29,ensemble,10,long_only,-0.0028861742171021067,-0.004093721386913427,1.2075471698113207
2016-05-31,ensemble,10,long_only,-0.0186783703979995,-0.019868401550647476,1.190031152647975
2016-06-30,ensemble,10,long_only,0.05368967876057539,0.05262341370033443,1.0662650602409638
2016-07-29,ensemble,10,long_only,0.02736618075690011,0.026324012082201313,1.0421686746987953
2016-08-31,ensemble,10,long_only,0.03078144603442951,0.02967927885176697,1.1021671826625388
2016-09-30,ensemble,10,long_only,-0.051748451850163246,-0.05277912669678901,1.030674846625767
2016-10-31,ensemble,10,long_only,0.09481669979966245,0.09379829489168699,1.01840490797546
2016-11-30,ensemble,10,long_only,0.009326543193882523,0.008170854571128032,1.1556886227544911
2016-12-30,ensemble,10,long_only,0.009612504260972042,0.008565720635241048,1.0467836257309941
2017-01-31,ensemble,10,long_only,0.030289650233482495,0.02899140461944741,1.2982456140350878
2017-02-28,ensemble,10,long_only,-0.019049461909573368,-0.02040275532274702,1.3532934131736527
2017-03-31,ensemble,10,long_only,0.02692773140438147,0.02562234218282458,1.3053892215568863
2017-04-28,ensemble,10,long_only,-0.021673502228361122,-0.02306272378524735,1.3892215568862276
2017-05-31,ensemble,10,long_only,0.036684395352243444,0.03528014003309451,1.4042553191489362
2017-06-30,ensemble,10,long_only,0.008170558412096098,0.006813626258703768,1.3569321533923304
2017-07-31,ensemble,10,long_only,-0.009619908017199254,-0.010858846070296599,1.238938053097345
2017-08-31,ensemble,10,long_only,0.06066773184144789,0.05931803858991415,1.3496932515337423
2017-09-29,ensemble,10,long_only,-0.020415643062478672,-0.021614438243201563,1.1987951807228916
2017-10-31,ensemble,10,long_only,0.031083031536891924,0.029811947199542527,1.2710843373493976
2017-11-30,ensemble,10,long_only,0.019212224422209004,0.017834978913226968,1.377245508982036
2017-12-29,ensemble,10,long_only,0.027047124812365157,0.025887704522510085,1.1594202898550725
2018-01-31,ensemble,10,long_only,-0.03532719715686792,-0.03679966092498386,1.472463768115942
2018-02-28,ensemble,10,long_only,0.0003630930083937915,-0.0009392325730015572,1.3023255813953487
2018-03-29,ensemble,10,long_only,0.0472236079742542,0.04593705826665186,1.286549707602339
2018-04-30,ensemble,10,long_only,0.06989901233286978,0.06867052568598551,1.228486646884273
2018-05-31,ensemble,10,long_only,-0.004915543098352254,-0.006115543098352254,1.2
2018-06-29,ensemble,10,long_only,0.00958076715014216,0.008385364851291585,1.1954022988505748
2018-07-31,ensemble,10,long_only,0.051019429784205025,0.04979529185317054,1.2241379310344829
2018-08-31,ensemble,10,long_only,-0.03923584206276018,-0.04055320733222126,1.3173652694610778
2018-09-28,ensemble,10,long_only,-0.14231825890320274,-0.14344843641799565,1.1301775147928994
2018-10-31,ensemble,10,long_only,-0.01558901456271133,-0.016961795627800088,1.3727810650887573
2018-11-30,ensemble,10,long_only,-0.1567249079370622,-0.15815347936563362,1.4285714285714286
2018-12-31,ensemble,10,long_only,0.12178382773029535,0.12042046436693199,1.3633633633633633
2019-01-31,ensemble,10,long_only,0.049904831165673284,0.0483192455800877,1.5855855855855856
2019-02-28,ensemble,10,long_only,-0.030529212380769055,-0.031821520073076745,1.2923076923076924
2019-03-29,ensemble,10,long_only,0.01736575311853775,0.016062722815507448,1.303030303030303
2019-04-30,ensemble,10,long_only,-0.07591868226178315,-0.07718534892844982,1.2666666666666666
2019-05-31,ensemble,10,long_only,0.10297675201148931,0.10169059816533547,1.2861538461538462
2019-06-28,ensemble,10,long_only,0.011681356568748634,0.010160398484916299,1.5209580838323353
2019-07-31,ensemble,10,long_only,-0.05017908796389137,-0.05153238137706502,1.3532934131736527
2019-08-30,ensemble,10,long_only,0.012189169811203196,0.010746445352998861,1.4427244582043344
2019-09-30,ensemble,10,long_only,0.0586433159936966,0.05734919834663778,1.2941176470588236
2019-10-31,ensemble,10,long_only,0.018593434271272954,0.017255972970963356,1.3374613003095976
2019-11-29,ensemble,10,long_only,0.05099492662327956,0.049657426623279564,1.3375
2019-12-31,ensemble,10,long_only,-0.04082969250067365,-0.04210730444097216,1.2776119402985076
2020-01-31,ensemble,10,long_only,-0.10067217727275098,-0.10197366981006441,1.301492537313433
2020-03-31,ensemble,10,long_only,0.3704695169197488,0.3688946666203476,1.5748502994011977
2020-04-30,ensemble,10,long_only,0.11927249322208532,0.11774522049481259,1.5272727272727271
2020-05-29,ensemble,10,long_only,0.017505328517077545,0.016332489010904706,1.1728395061728396
2020-06-30,ensemble,10,long_only,0.0556769243658284,0.05455858117056213,1.1183431952662723
2020-07-31,ensemble,10,long_only,0.053866989297027726,0.052612551427205244,1.2544378698224852
2020-08-31,ensemble,10,long_only,-0.049292382891599706,-0.05054387989758773,1.251497005988024
2020-09-30,ensemble,10,long_only,0.016230302567450623,0.015158446280025474,1.0718562874251496
2020-10-30,ensemble,10,long_only,0.18390081311504364,0.18280715752591978,1.093655589123867
2020-11-30,ensemble,10,long_only,0.0944908102721342,0.0933712767444374,1.119533527696793
2020-12-31,ensemble,10,long_only,0.12030539162409101,0.11919675652659797,1.1086350974930361
2021-01-29,ensemble,10,long_only,0.07045283736010981,0.06923778359666895,1.2150537634408602
2021-02-26,ensemble,10,long_only,-0.055880770699363855,-0.05659431236603052,0.7135416666666667
2021-03-31,ensemble,10,long_only,0.008151144135592144,0.0074017901304241854,0.7493540051679586
2021-04-30,ensemble,10,long_only,0.020065447550449172,0.019326429462593876,0.7390180878552971
2021-05-28,ensemble,10,long_only,0.03384189479659615,0.032987013530105386,0.8548812664907651
2021-06-30,ensemble,10,long_only,-0.038387328920999525,-0.03906563316040102,0.6783042394014962
2021-07-30,ensemble,10,long_only,0.007107619369237249,0.006429315129835753,0.6783042394014962
2021-08-31,ensemble,10,long_only,-0.049963781553278006,-0.0506605900639163,0.6968085106382979
2021-09-30,ensemble,10,long_only,0.03154460098034039,0.03094986413823513,0.5947368421052631
2021-10-29,ensemble,10,long_only,-0.06961385551954376,-0.07026122394059639,0.6473684210526316
2021-11-30,ensemble,10,long_only,0.03159105570620973,0.030892892976550936,0.6981627296587927
2021-12-31,ensemble,10,long_only,-0.09615366526532207,-0.0967057485986554,0.5520833333333334
2022-01-31,ensemble,10,long_only,-0.045181545764015604,-0.04639508743068227,1.2135416666666667
2022-02-28,ensemble,10,long_only,0.06471208965222984,0.06360972744750543,1.1023622047244095
2022-03-31,ensemble,10,long_only,-0.08575832486165483,-0.08689445051610509,1.1361256544502618
2022-04-29,ensemble,10,long_only,-0.05816324746534741,-0.05941979196796521,1.256544502617801
2022-05-31,ensemble,10,long_only,-0.08082864997759442,-0.08207932383204186,1.2506738544474394
2022-06-30,ensemble,10,long_only,0.10504195780980022,0.10374815727071666,1.293800539083558
2022-07-29,ensemble,10,long_only,0.012253971247617786,0.010885839379485918,1.3681318681318682
2022-08-31,ensemble,10,long_only,-0.08255648801906743,-0.08379161549782096,1.2351274787535411
2022-09-30,ensemble,10,long_only,0.03348282562953163,0.03238934121026817,1.093484419263456
2022-10-31,ensemble,10,long_only,0.013465875722339128,0.012309180565643972,1.1566951566951567
2022-11-30,ensemble,10,long_only,-0.05752354180180675,-0.05870535998362493,1.1818181818181819
2022-12-30,ensemble,10,long_only,0.17142630822152632,0.17030025780135827,1.1260504201680672
2023-01-31,ensemble,10,long_only,-0.06188639794531517,-0.0631541575081567,1.2677595628415301
2023-02-28,ensemble,10,long_only,-0.045813224598058595,-0.04682415355980723,1.010928961748634
2023-03-31,ensemble,10,long_only,-0.06585913134350603,-0.06696647597627439,1.1073446327683616
2023-04-28,ensemble,10,long_only,0.01546754579438343,0.014507775679440902,0.9597701149425287
2023-05-31,ensemble,10,long_only,0.06771055475998725,0.06662820181881078,1.0823529411764705
2023-06-30,ensemble,10,long_only,0.06631036874999875,0.06529053872167014,1.019830028328612
2023-07-31,ensemble,10,long_only,-0.06677121848893931,-0.06779671423964753,1.0254957507082152
2023-08-31,ensemble,10,long_only,-0.12119248917613455,-0.12230944824046204,1.1169590643274854
2023-09-29,ensemble,10,long_only,-0.11307422902496257,-0.11405345751160946,0.9792284866468842
2023-10-31,ensemble,10,long_only,0.15199400055301632,0.15095448687520477,1.0395136778115501
2016-01-29,ensemble,20,long_only,0.022824901570459778,0.020824901570459776,1.0
2016-02-29,ensemble,20,long_only,0.04590642959640456,0.04357309626307123,1.1666666666666667
2016-03-31,ensemble,20,long_only,0.036749200484873755,0.03443473507606872,1.1572327044025157
2016-04-29,ensemble,20,long_only,-0.0028861742171021067,-0.005301268556724748,1.2075471698113207
2016-05-31,ensemble,20,long_only,-0.0186783703979995,-0.02105843270329545,1.190031152647975
2016-06-30,ensemble,20,long_only,0.05368967876057539,0.05155714864009346,1.0662650602409638
2016-07-29,ensemble,20,long_only,0.02736618075690011,0.02528184340750252,1.0421686746987953
2016-08-31,ensemble,20,long_only,0.03078144603442951,0.02857711166910443,1.1021671826625388
2016-09-30,ensemble,20,long_only,-0.051748451850163246,-0.05380980154341478,1.030674846625767
2016-10-31,ensemble,20,long_only,0.09481669979966245,0.09277988998371153,1.01840490797546
2016-11-30,ensemble,20,long_only,0.009326543193882523,0.00701516594837354,1.1556886227544911
2016-12-30,ensemble,20,long_only,0.009612504260972042,0.007518937009510053,1.0467836257309941
2017-01-31,ensemble,20,long_only,0.030289650233482495,0.02769315900541232,1.2982456140350878
2017-02-28,ensemble,20,long_only,-0.019049461909573368,-0.021756048735920675,1.3532934131736527
2017-03-31,ensemble,20,long_only,0.02692773140438147,0.024316952961267697,1.3053892215568863
2017-04-28,ensemble,20,long_only,-0.021673502228361122,-0.024451945342133578,1.3892215568862276
2017-05-31,ensemble,20,long_only,0.036684395352243444,0.03387588471394557,1.4042553191489362
2017-06-30,ensemble,20,long_only,0.008170558412096098,0.005456694105311437,1.3569321533923304
2017-07-31,ensemble,20,long_only,-0.009619908017199254,-0.012097784123393945,1.238938053097345
2017-08-31,ensemble,20,long_only,0.06066773184144789,0.05796834533838041,1.3496932515337423
2017-09-29,ensemble,20,long_only,-0.020415643062478672,-0.022813233423924457,1.1987951807228916
2017-10-31,ensemble,20,long_only,0.031083031536891924,0.02854086286219313,1.2710843373493976
2017-11-30,ensemble,20,long_only,0.019212224422209004,0.01645773340424493,1.377245508982036
2017-12-29,ensemble,20,long_only,0.027047124812365157,0.024728284232655013,1.1594202898550725
2018-01-31,ensemble,20,long_only,-0.03532719715686792,-0.038272124693099804,1.472463768115942
2018-02-28,ensemble,20,long_only,0.0003630930083937915,-0.002241558154396906,1.3023255813953487
2018-03-29,ensemble,20,long_only,0.0472236079742542,0.04465050855904952,1.286549707602339
2018-04-30,ensemble,20,long_only,0.06989901233286978,0.06744203903910123,1.228486646884273
2018-05-31,ensemble,20,long_only,-0.004915543098352254,-0.007315543098352254,1.2
2018-06-29,ensemble,20,long_only,0.00958076715014216,0.00718996255244101,1.1954022988505748
2018-07-31,ensemble,20,long_only,0.051019429784205025,0.04857115392213606,1.2241379310344829
2018-08-31,ensemble,20,long_only,-0.03923584206276018,-0.04187057260168234,1.3173652694610778
2018-09-28,ensemble,20,long_only,-0.14231825890320274,-0.14457861393278854,1.1301775147928994
2018-10-31,ensemble,20,long_only,-0.01558901456271133,-0.018334576692888845,1.3727810650887573
2018-11-30,ensemble,20,long_only,-0.1567249079370622,-0.15958205079420507,1.4285714285714286
2018-12-31,ensemble,20,long_only,0.12178382773029535,0.11905710100356862,1.3633633633633633
2019-01-31,ensemble,20,long_only,0.049904831165673284,0.046733659994502116,1.5855855855855856
2019-02-28,ensemble,20,long_only,-0.030529212380769055,-0.03311382776538444,1.2923076923076924
2019-03-29,ensemble,20,long_only,0.01736575311853775,0.014759692512477144,1.303030303030303
2019-04-30,ensemble,20,long_only,-0.07591868226178315,-0.07845201559511648,1.2666666666666666
2019-05-31,ensemble,20,long_only,0.10297675201148931,0.10040444431918162,1.2861538461538462
2019-06-28,ensemble,20,long_only,0.011681356568748634,0.008639440401083963,1.5209580838323353
2019-07-31,ensemble,20,long_only,-0.05017908796389137,-0.052885674790238674,1.3532934131736527
2019-08-30,ensemble,20,long_only,0.012189169811203196,0.009303720894794528,1.4427244582043344
2019-09-30,ensemble,20,long_only,0.0586433159936966,0.05605508069957895,1.2941176470588236
2019-10-31,ensemble,20,long_only,0.018593434271272954,0.015918511670653758,1.3374613003095976
2019-11-29,ensemble,20,long_only,0.05099492662327956,0.048319926623279566,1.3375
2019-12-31,ensemble,20,long_only,-0.04082969250067365,-0.04338491638127066,1.2776119402985076
2020-01-31,ensemble,20,long_only,-0.10067217727275098,-0.10327516234737784,1.301492537313433
2020-03-31,ensemble,20,long_only,0.3704695169197488,0.3673198163209464,1.5748502994011977
2020-04-30,ensemble,20,long_only,0.11927249322208532,0.11621794776753987,1.5272727272727271
2020-05-29,ensemble,20,long_only,0.017505328517077545,0.015159649504731865,1.1728395061728396
2020-06-30,ensemble,20,long_only,0.0556769243658284,0.05344023797529585,1.1183431952662723
2020-07-31,ensemble,20,long_only,0.053866989297027726,0.051358113557382755,1.2544378698224852
2020-08-31,ensemble,20,long_only,-0.049292382891599706,-0.05179537690357575,1.251497005988024
2020-09-30,ensemble,20,long_only,0.016230302567450623,0.014086589992600325,1.0718562874251496
2020-10-30,ensemble,20,long_only,0.18390081311504364,0.1817135019367959,1.093655589123867
2020-11-30,ensemble,20,long_only,0.0944908102721342,0.09225174321674061,1.119533527696793
2020-12-31,ensemble,20,long_only,0.12030539162409101,0.11808812142910494,1.1086350974930361
2021-01-29,ensemble,20,long_only,0.07045283736010981,0.06802272983322809,1.2150537634408602
2021-02-26,ensemble,20,long_only,-0.055880770699363855,-0.05730785403269719,0.7135416666666667
2021-03-31,ensemble,20,long_only,0.008151144135592144,0.006652436125256227,0.7493540051679586
2021-04-30,ensemble,20,long_only,0.020065447550449172,0.01858741137473858,0.7390180878552971
2021-05-28,ensemble,20,long_only,0.03384189479659615,0.03213213226361462,0.8548812664907651
2021-06-30,ensemble,20,long_only,-0.038387328920999525,-0.03974393739980252,0.6783042394014962
2021-07-30,ensemble,20,long_only,0.007107619369237249,0.005751010890434257,0.6783042394014962
2021-08-31,ensemble,20,long_only,-0.049963781553278006,-0.051357398574554604,0.6968085106382979
2021-09-30,ensemble,20,long_only,0.03154460098034039,0.030355127296129866,0.5947368421052631
2021-10-29,ensemble,20,long_only,-0.06961385551954376,-0.07090859236164902,0.6473684210526316
2021-11-30,ensemble,20,long_only,0.03159105570620973,0.030194730246892145,0.6981627296587927
2021-12-31,ensemble,20,long_only,-0.09615366526532207,-0.09725783193198874,0.5520833333333334
2022-01-31,ensemble,20,long_only,-0.045181545764015604,-0.04760862909734894,1.2135416666666667
2022-02-28,ensemble,20,long_only,0.06471208965222984,0.06250736524278103,1.1023622047244095
2022-03-31,ensemble,20,long_only,-0.08575832486165483,-0.08803057617055535,1.1361256544502618
2022-04-29,ensemble,20,long_only,-0.05816324746534741,-0.06067633647058301,1.256544502617801
2022-05-31,ensemble,20,long_only,-0.08082864997759442,-0.0833299976864893,1.2506738544474394
2022-06-30,ensemble,20,long_only,0.10504195780980022,0.1024543567316331,1.293800539083558
2022-07-29,ensemble,20,long_only,0.012253971247617786,0.00951770751135405,1.3681318681318682
2022-08-31,ensemble,20,long_only,-0.08255648801906743,-0.0850267429765745,1.2351274787535411
2022-09-30,ensemble,20,long_only,0.03348282562953163,0.03129585679100472,1.093484419263456
2022-10-31,ensemble,20,long_only,0.013465875722339128,0.011152485408948814,1.1566951566951567
2022-11-30,ensemble,20,long_only,-0.05752354180180675,-0.05988717816544312,1.1818181818181819
2022-12-30,ensemble,20,long_only,0.17142630822152632,0.16917420738119018,1.1260504201680672
2023-01-31,ensemble,20,long_only,-0.06188639794531517,-0.06442191707099823,1.2677595628415301
2023-02-28,ensemble,20,long_only,-0.045813224598058595,-0.04783508252155586,1.010928961748634
2023-03-31,ensemble,20,long_only,-0.06585913134350603,-0.06807382060904275,1.1073446327683616
2023-04-28,ensemble,20,long_only,0.01546754579438343,0.013548005564498372,0.9597701149425287
2023-05-31,ensemble,20,long_only,0.06771055475998725,0.0655458488776343,1.0823529411764705
2023-06-30,ensemble,20,long_only,0.06631036874999875,0.06427070869334153,1.019830028328612
2023-07-31,ensemble,20,long_only,-0.06677121848893931,-0.06882220999035574,1.0254957507082152
2023-08-31,ensemble,20,long_only,-0.12119248917613455,-0.12342640730478953,1.1169590643274854
2023-09-29,ensemble,20,long_only,-0.11307422902496257,-0.11503268599825633,0.9792284866468842
2023-10-31,ensemble,20,long_only,0.15199400055301632,0.14991497319739322,1.0395136778115501
2016-01-29,ensemble,0,long_short,0.00022101221021028348,0.00022101221021028348,2.0
2016-02-29,ensemble,0,long_short,-0.010726695232415234,-0.010726695232415234,2.3209876543209877
2016-03-31,ensemble,0,long_short,-0.0030270587214506883,-0.0030270587214506883,2.2767295597484276
2016-04-29,ensemble,0,long_short,-0.0004589947445635761,-0.0004589947445635761,2.2138364779874213
2016-05-31,ensemble,0,long_short,0.007845723296012626,0.007845723296012626,2.1806853582554515
2016-06-30,ensemble,0,long_short,0.017831911823776598,0.017831911823776598,2.1204819277108435
2016-07-29,ensemble,0,long_short,0.012188909089923294,0.012188909089923294,2.132530120481928
2016-08-31,ensemble,0,long_short,0.031004333975967573,0.031004333975967573,2.0804953560371517
2016-09-30,ensemble,0,long_short,-0.02035291481954226,-0.02035291481954226,1.8343558282208587
2016-10-31,ensemble,0,long_short,0.07556539695013349,0.07556539695013349,2.0736196319018405
2016-11-30,ensemble,0,long_short,-0.0067244027473065985,-0.0067244027473065985,2.269461077844311
2016-12-30,ensemble,0,long_short,-0.01426536783299762,-0.01426536783299762,2.0
2017-01-31,ensemble,0,long_short,0.01639783635859509,0.01639783635859509,2.2280701754385968
2017-02-28,ensemble,0,long_short,-0.027442822084222007,-0.027442822084222007,2.1137724550898205
2017-03-31,ensemble,0,long_short,0.021916053429079412,0.021916053429079412,2.215568862275449
2017-04-28,ensemble,0,long_short,-0.019488624653124897,-0.019488624653124897,2.251497005988024
2017-05-31,ensemble,0,long_short,0.03994134053441755,0.03994134053441755,2.1702127659574466
2017-06-30,ensemble,0,long_short,-0.0068859955504328475,-0.0068859955504328475,2.24188790560472
2017-07-31,ensemble,0,long_short,0.00731089468209126,0.00731089468209126,2.0707964601769913
2017-08-31,ensemble,0,long_short,0.04419313015164673,0.04419313015164673,2.2883435582822087
2017-09-29,ensemble,0,long_short,-0.011997810540659204,-0.011997810540659204,2.0120481927710845
2017-10-31,ensemble,0,long_short,0.026978465561296672,0.026978465561296672,2.072289156626506
2017-11-30,ensemble,0,long_short,-0.018123612838584303,-0.018123612838584303,2.317365269461078
2017-12-29,ensemble,0,long_short,0.025456575785001757,0.025456575785001757,2.0347826086956524
2018-01-31,ensemble,0,long_short,0.00033493381680765085,0.00033493381680765085,2.6492753623188405
2018-02-28,ensemble,0,long_short,0.010420772616283103,0.010420772616283103,2.2790697674418605
2018-03-29,ensemble,0,long_short,0.03062798392829446,0.03062798392829446,2.3391812865497075
2018-04-30,ensemble,0,long_short,0.05234931740593943,0.05234931740593943,2.00593471810089
2018-05-31,ensemble,0,long_short,0.0044096033518548055,0.0044096033518548055,2.047761194029851
2018-06-29,ensemble,0,long_short,0.010189727499366483,0.010189727499366483,1.971264367816092
2018-07-31,ensemble,0,long_short,0.05124319378733305,0.05124319378733305,2.0402298850574714
2018-08-31,ensemble,0,long_short,-0.015860683090820456,-0.015860683090820456,2.269461077844311
2018-09-28,ensemble,0,long_short,-0.038466918288892656,-0.038466918288892656,1.9644970414201184
2018-10-31,ensemble,0,long_short,0.01571188811851173,0.01571188811851173,2.2426035502958577
2018-11-30,ensemble,0,long_short,-0.08717316076174332,-0.08717316076174332,2.3392857142857144
2018-12-31,ensemble,0,long_short,0.06105437279786434,0.06105437279786434,2.3843843843843846
2019-01-31,ensemble,0,long_short,0.022202586578902166,0.022202586578902166,2.690690690690691
2019-02-28,ensemble,0,long_short,-0.026042109355323338,-0.026042109355323338,2.16
2019-03-29,ensemble,0,long_short,0.02461429568453452,0.02461429568453452,2.084848484848485
2019-04-30,ensemble,0,long_short,-0.03862579650801865,-0.03862579650801865,2.0606060606060606
2019-05-31,ensemble,0,long_short,0.0713157153548935,0.0713157153548935,2.172307692307692
2019-06-28,ensemble,0,long_short,0.026352810299633555,0.026352810299633555,2.532934131736527
2019-07-31,ensemble,0,long_short,-0.0384963873739933,-0.0384963873739933,2.383233532934132
2019-08-30,ensemble,0,long_short,0.017431617240634304,0.017431617240634304,2.5263157894736845
2019-09-30,ensemble,0,long_short,0.05054923183274425,0.05054923183274425,2.210526315789474
2019-10-31,ensemble,0,long_short,-0.009351211239647746,-0.009351211239647746,2.3157894736842106
2019-11-29,ensemble,0,long_short,-0.004177191235772623,-0.004177191235772623,2.225
2019-12-31,ensemble,0,long_short,0.005134738546222932,0.005134738546222932,2.334328358208955
2020-01-31,ensemble,0,long_short,-0.07502253173054511,-0.07502253173054511,2.4
2020-03-31,ensemble,0,long_short,0.28522870756019814,0.28522870756019814,2.7365269461077846
2020-04-30,ensemble,0,long_short,0.010039450646943403,0.010039450646943403,2.8727272727272726
2020-05-29,ensemble,0,long_short,0.011394884040900088,0.011394884040900088,2.2962962962962963
2020-06-30,ensemble,0,long_short,0.029625116574607847,0.029625116574607847,1.970414201183432
2020-07-31,ensemble,0,long_short,0.04869480824307292,0.04869480824307292,2.076923076923077
2020-08-31,ensemble,0,long_short,-0.029903542587738453,-0.029903542587738453,2.0838323353293413
2020-09-30,ensemble,0,long_short,0.03529471649122701,0.03529471649122701,1.8922155688622755
2020-10-30,ensemble,0,long_short,0.08248733359877515,0.08248733359877515,2.0725075528700905
2020-11-30,ensemble,0,long_short,0.04796914810999909,0.04796914810999909,2.0583090379008744
2020-12-31,ensemble,0,long_short,0.02993097734986558,0.02993097734986558,2.0167130919220053
2021-01-29,ensemble,0,long_short,0.07710893617221966,0.07710893617221966,2.5
2021-02-26,ensemble,0,long_short,0.009767369114704784,0.009767369114704784,1.6510416666666667
2021-03-31,ensemble,0,long_short,0.02307629507850941,0.02307629507850941,1.664082687338501
2021-04-30,ensemble,0,long_short,0.019738704680852464,0.019738704680852464,1.6640826873385013
2021-05-28,ensemble,0,long_short,0.008680117709807623,0.008680117709807623,1.8205804749340369
2021-06-30,ensemble,0,long_short,0.04539050847682151,0.04539050847682151,1.6508728179551122
2021-07-30,ensemble,0,long_short,-0.00581709518187437,-0.00581709518187437,1.6309226932668328
2021-08-31,ensemble,0,long_short,0.002501268937196626,0.002501268937196626,1.7659574468085106
2021-09-30,ensemble,0,long_short,0.02966650130571117,0.02966650130571117,1.4578947368421051
2021-10-29,ensemble,0,long_short,0.02338097253282043,0.02338097253282043,1.5
2021-11-30,ensemble,0,long_short,0.062062476413915074,0.062062476413915074,1.769028871391076
2021-12-31,ensemble,0,long_short,0.031720333455393185,0.031720333455393185,1.6614583333333333
2022-01-31,ensemble,0,long_short,-0.019362958072243593,-0.019362958072243593,2.5677083333333335
2022-02-28,ensemble,0,long_short,0.02805317420337004,0.02805317420337004,2.320209973753281
2022-03-31,ensemble,0,long_short,0.044973259024002926,0.044973259024002926,2.455497382198953
2022-04-29,ensemble,0,long_short,-0.04166741101052062,-0.04166741101052062,2.6335078534031413
2022-05-31,ensemble,0,long_short,-0.005342958317249153,-0.005342958317249153,2.560646900269542
2022-06-30,ensemble,0,long_short,0.07209774462972754,0.07209774462972754,2.501347708894879
2022-07-29,ensemble,0,long_short,0.0035318176708101327,0.0035318176708101327,2.7527472527472527
2022-08-31,ensemble,0,long_short,-0.004120223975516783,-0.004120223975516783,2.5779036827195467
2022-09-30,ensemble,0,long_short,0.036269918627661615,0.036269918627661615,2.169971671388102
2022-10-31,ensemble,0,long_short,-0.001576837177114535,-0.001576837177114535,2.507122507122507
2022-11-30,ensemble,0,long_short,-0.01020080224064806,-0.01020080224064806,2.596590909090909
2022-12-30,ensemble,0,long_short,0.10671863848732242,0.10671863848732242,2.3753501400560224
2023-01-31,ensemble,0,long_short,-0.03283626334673179,-0.03283626334673179,2.628415300546448
2023-02-28,ensemble,0,long_short,-0.014810617622504539,-0.014810617622504539,2.2076502732240435
2023-03-31,ensemble,0,long_short,-0.05010462975393829,-0.05010462975393829,2.2994350282485874
2023-04-28,ensemble,0,long_short,0.03142163496612816,0.03142163496612816,1.9080459770114941
2023-05-31,ensemble,0,long_short,0.0563009823198377,0.0563009823198377,2.0941176470588236
2023-06-30,ensemble,0,long_short,0.054374744578084645,0.054374744578084645,2.0679886685552407
2023-07-31,ensemble,0,long_short,-0.037645047351948006,-0.037645047351948006,2.045325779036827
2023-08-31,ensemble,0,long_short,-0.07173428686502813,-0.07173428686502813,2.1345029239766085
2023-09-29,ensemble,0,long_short,-0.07482812812990493,-0.07482812812990493,1.9525222551928783
2023-10-31,ensemble,0,long_short,0.10188135967599414,0.10188135967599414,2.0182370820668694
2016-01-29,ensemble,5,long_short,0.00022101221021028348,-0.0007789877897897166,2.0
2016-02-29,ensemble,5,long_short,-0.010726695232415234,-0.011887189059575727,2.3209876543209877
2016-03-31,ensemble,5,long_short,-0.0030270587214506883,-0.004165423501324902,2.2767295597484276
2016-04-29,ensemble,5,long_short,-0.0004589947445635761,-0.0015659129835572866,2.2138364779874213
2016-05-31,ensemble,5,long_short,0.007845723296012626,0.006755380616884901,2.1806853582554515
2016-06-30,ensemble,5,long_short,0.017831911823776598,0.016771670859921175,2.1204819277108435
2016-07-29,ensemble,5,long_short,0.012188909089923294,0.01112264402968233,2.132530120481928
2016-08-31,ensemble,5,long_short,0.031004333975967573,0.029964086297948996,2.0804953560371517
2016-09-30,ensemble,5,long_short,-0.02035291481954226,-0.021270092733652688,1.8343558282208587
2016-10-31,ensemble,5,long_short,0.07556539695013349,0.07452858713418258,2.0736196319018405
2016-11-30,ensemble,5,long_short,-0.0067244027473065985,-0.007859133286228753,2.269461077844311
2016-12-30,ensemble,5,long_short,-0.01426536783299762,-0.01526536783299762,2.0
2017-01-31,ensemble,5,long_short,0.01639783635859509,0.015283801270875792,2.2280701754385968
2017-02-28,ensemble,5,long_short,-0.027442822084222007,-0.028499708311766916,2.1137724550898205
2017-03-31,ensemble,5,long_short,0.021916053429079412,0.02080826899794169,2.215568862275449
2017-04-28,ensemble,5,long_short,-0.019488624653124897,-0.020614373156118908,2.251497005988024
2017-05-31,ensemble,5,long_short,0.03994134053441755,0.03885623415143883,2.1702127659574466
2017-06-30,ensemble,5,long_short,-0.0068859955504328475,-0.008006939503235208,2.24188790560472
2017-07-31,ensemble,5,long_short,0.00731089468209126,0.006275496452002764,2.0707964601769913
2017-08-31,ensemble,5,long_short,0.04419313015164673,0.04304895837250562,2.2883435582822087
2017-09-29,ensemble,5,long_short,-0.011997810540659204,-0.013003834637044746,2.0120481927710845
2017-10-31,ensemble,5,long_short,0.026978465561296672,0.025942320982983418,2.072289156626506
2017-11-30,ensemble,5,long_short,-0.018123612838584303,-0.019282295473314844,2.317365269461078
2017-12-29,ensemble,5,long_short,0.025456575785001757,0.02443918448065393,2.0347826086956524
2018-01-31,ensemble,5,long_short,0.00033493381680765085,-0.0009897038643517696,2.6492753623188405
2018-02-28,ensemble,5,long_short,0.010420772616283103,0.009281237732562172,2.2790697674418605
2018-03-29,ensemble,5,long_short,0.03062798392829446,0.029458393285019605,2.3391812865497075
2018-04-30,ensemble,5,long_short,0.05234931740593943,0.051346350046888985,2.00593471810089
2018-05-31,ensemble,5,long_short,0.0044096033518548055,0.00338572275483988,2.047761194029851
2018-06-29,ensemble,5,long_short,0.010189727499366483,0.009204095315458436,1.971264367816092
2018-07-31,ensemble,5,long_short,0.05124319378733305,0.050223078844804314,2.0402298850574714
2018-08-31,ensemble,5,long_short,-0.015860683090820456,-0.016995413629742613,2.269461077844311
2018-09-28,ensemble,5,long_short,-0.038466918288892656,-0.03944916680960271,1.9644970414201184
2018-10-31,ensemble,5,long_short,0.01571188811851173,0.0145905863433638,2.2426035502958577
2018-11-30,ensemble,5,long_short,-0.08717316076174332,-0.08834280361888618,2.3392857142857144
2018-12-31,ensemble,5,long_short,0.06105437279786434,0.059862180605672145,2.3843843843843846
2019-01-31,ensemble,5,long_short,0.022202586578902166,0.020857241233556822,2.690690690690691
2019-02-28,ensemble,5,long_short,-0.026042109355323338,-0.02712210935532334,2.16
2019-03-29,ensemble,5,long_short,0.02461429568453452,0.023571871442110277,2.084848484848485
2019-04-30,ensemble,5,long_short,-0.03862579650801865,-0.03965609953832168,2.0606060606060606
2019-05-31,ensemble,5,long_short,0.0713157153548935,0.07022956150873966,2.172307692307692
2019-06-28,ensemble,5,long_short,0.026352810299633555,0.025086343233765292,2.532934131736527
2019-07-31,ensemble,5,long_short,-0.0384963873739933,-0.039688004140460365,2.383233532934132
2019-08-30,ensemble,5,long_short,0.017431617240634304,0.016168459345897463,2.5263157894736845
2019-09-30,ensemble,5,long_short,0.05054923183274425,0.049443968674849514,2.210526315789474
2019-10-31,ensemble,5,long_short,-0.009351211239647746,-0.010509105976489852,2.3157894736842106
2019-11-29,ensemble,5,long_short,-0.004177191235772623,-0.005289691235772623,2.225
2019-12-31,ensemble,5,long_short,0.005134738546222932,0.003967574367118454,2.334328358208955
2020-01-31,ensemble,5,long_short,-0.07502253173054511,-0.07622253173054512,2.4
2020-03-31,ensemble,5,long_short,0.28522870756019814,0.2838604440871442,2.7365269461077846
2020-04-30,ensemble,5,long_short,0.010039450646943403,0.008603087010579767,2.8727272727272726
2020-05-29,ensemble,5,long_short,0.011394884040900088,0.01024673589275194,2.2962962962962963
2020-06-30,ensemble,5,long_short,0.029625116574607847,0.02863990947401613,1.970414201183432
2020-07-31,ensemble,5,long_short,0.04869480824307292,0.047656346704611385,2.076923076923077
2020-08-31,ensemble,5,long_short,-0.029903542587738453,-0.030945458755403124,2.0838323353293413
2020-09-30,ensemble,5,long_short,0.03529471649122701,0.03434860870679587,1.8922155688622755
2020-10-30,ensemble,5,long_short,0.08248733359877515,0.08145107982234011,2.0725075528700905
2020-11-30,ensemble,5,long_short,0.04796914810999909,0.046939993591048654,2.0583090379008744
2020-12-31,ensemble,5,long_short,0.02993097734986558,0.028922620803904574,2.0167130919220053
2021-01-29,ensemble,5,long_short,0.07710893617221966,0.07585893617221966,2.5
2021-02-26,ensemble,5,long_short,0.009767369114704784,0.008941848281371451,1.6510416666666667
2021-03-31,ensemble,5,long_short,0.02307629507850941,0.02224425373484016,1.664082687338501
2021-04-30,ensemble,5,long_short,0.019738704680852464,0.018906663337183213,1.6640826873385013
2021-05-28,ensemble,5,long_short,0.008680117709807623,0.007769827472340605,1.8205804749340369
2021-06-30,ensemble,5,long_short,0.04539050847682151,0.04456507206784395,1.6508728179551122
2021-07-30,ensemble,5,long_short,-0.00581709518187437,-0.0066325565285077865,1.6309226932668328
2021-08-31,ensemble,5,long_short,0.002501268937196626,0.0016182902137923706,1.7659574468085106
2021-09-30,ensemble,5,long_short,0.02966650130571117,0.02893755393729012,1.4578947368421051
2021-10-29,ensemble,5,long_short,0.02338097253282043,0.02263097253282043,1.5
2021-11-30,ensemble,5,long_short,0.062062476413915074,0.061177961978219536,1.769028871391076
2021-12-31,ensemble,5,long_short,0.031720333455393185,0.03088960428872652,1.6614583333333333
2022-01-31,ensemble,5,long_short,-0.019362958072243593,-0.02064681223891026,2.5677083333333335
2022-02-28,ensemble,5,long_short,0.02805317420337004,0.026893069216493398,2.320209973753281
2022-03-31,ensemble,5,long_short,0.044973259024002926,0.04374551033290345,2.455497382198953
2022-04-29,ensemble,5,long_short,-0.04166741101052062,-0.042984164937222194,2.6335078534031413
2022-05-31,ensemble,5,long_short,-0.005342958317249153,-0.006623281767383924,2.560646900269542
2022-06-30,ensemble,5,long_short,0.07209774462972754,0.0708470707752801,2.501347708894879
2022-07-29,ensemble,5,long_short,0.0035318176708101327,0.0021554440444365064,2.7527472527472527
2022-08-31,ensemble,5,long_short,-0.004120223975516783,-0.005409175816876556,2.5779036827195467
2022-09-30,ensemble,5,long_short,0.036269918627661615,0.03518493279196756,2.169971671388102
2022-10-31,ensemble,5,long_short,-0.001576837177114535,-0.0028303984306757885,2.507122507122507
2022-11-30,ensemble,5,long_short,-0.01020080224064806,-0.011499097695193515,2.596590909090909
2022-12-30,ensemble,5,long_short,0.10671863848732242,0.10553096341729441,2.3753501400560224
2023-01-31,ensemble,5,long_short,-0.03283626334673179,-0.03415047099700501,2.628415300546448
2023-02-28,ensemble,5,long_short,-0.014810617622504539,-0.015914442759116562,2.2076502732240435
2023-03-31,ensemble,5,long_short,-0.05010462975393829,-0.051254347268062585,2.2994350282485874
2023-04-28,ensemble,5,long_short,0.03142163496612816,0.030467611977622412,1.9080459770114941
2023-05-31,ensemble,5,long_short,0.0563009823198377,0.05525392349630828,2.0941176470588236
2023-06-30,ensemble,5,long_short,0.054374744578084645,0.05334075024380702,2.0679886685552407
2023-07-31,ensemble,5,long_short,-0.037645047351948006,-0.03866771024146642,2.045325779036827
2023-08-31,ensemble,5,long_short,-0.07173428686502813,-0.07280153832701643,2.1345029239766085
2023-09-29,ensemble,5,long_short,-0.07482812812990493,-0.07580438925750137,1.9525222551928783
2023-10-31,ensemble,5,long_short,0.10188135967599414,0.10087224113496071,2.0182370820668694
2016-01-29,ensemble,10,long_short,0.00022101221021028348,-0.0017789877897897166,2.0
2016-02-29,ensemble,10,long_short,-0.010726695232415234,-0.013047682886736222,2.3209876543209877
2016-03-31,ensemble,10,long_short,-0.0030270587214506883,-0.005303788281199116,2.2767295597484276
2016-04-29,ensemble,10,long_short,-0.0004589947445635761,-0.0026728312225509972,2.2138364779874213
2016-05-31,ensemble,10,long_short,0.007845723296012626,0.005665037937757175,2.1806853582554515
2016-06-30,ensemble,10,long_short,0.017831911823776598,0.015711429896065755,2.1204819277108435
2016-07-29,ensemble,10,long_short,0.012188909089923294,0.010056378969441365,2.132530120481928
2016-08-31,ensemble,10,long_short,0.031004333975967573,0.02892383861993042,2.0804953560371517
2016-09-30,ensemble,10,long_short,-0.02035291481954226,-0.02218727064776312,1.8343558282208587
2016-10-31,ensemble,10,long_short,0.07556539695013349,0.07349177731823166,2.0736196319018405
2016-11-30,ensemble,10,long_short,-0.0067244027473065985,-0.00899386382515091,2.269461077844311
2016-12-30,ensemble,10,long_short,-0.01426536783299762,-0.016265367832997618,2.0
2017-01-31,ensemble,10,long_short,0.01639783635859509,0.014169766183156494,2.2280701754385968
2017-02-28,ensemble,10,long_short,-0.027442822084222007,-0.029556594539311826,2.1137724550898205
2017-03-31,ensemble,10,long_short,0.021916053429079412,0.019700484566803962,2.215568862275449
2017-04-28,ensemble,10,long_short,-0.019488624653124897,-0.02174012165911292,2.251497005988024
2017-05-31,ensemble,10,long_short,0.03994134053441755,0.0377711277684601,2.1702127659574466
2017-06-30,ensemble,10,long_short,-0.0068859955504328475,-0.009127883456037567,2.24188790560472
2017-07-31,ensemble,10,long_short,0.00731089468209126,0.0052400982219142685,2.0707964601769913
2017-08-31,ensemble,10,long_short,0.04419313015164673,0.04190478659336452,2.2883435582822087
2017-09-29,ensemble,10,long_short,-0.011997810540659204,-0.014009858733430289,2.0120481927710845
2017-10-31,ensemble,10,long_short,0.026978465561296672,0.024906176404670168,2.072289156626506
2017-11-30,ensemble,10,long_short,-0.018123612838584303,-0.02044097810804538,2.317365269461078
2017-12-29,ensemble,10,long_short,0.025456575785001757,0.023421793176306105,2.0347826086956524
2018-01-31,ensemble,10,long_short,0.00033493381680765085,-0.0023143415455111897,2.6492753623188405
2018-02-28,ensemble,10,long_short,0.010420772616283103,0.008141702848841243,2.2790697674418605
2018-03-29,ensemble,10,long_short,0.03062798392829446,0.028288802641744753,2.3391812865497075
2018-04-30,ensemble,10,long_short,0.05234931740593943,0.050343382687838535,2.00593471810089
2018-05-31,ensemble,10,long_short,0.0044096033518548055,0.0023618421578249548,2.047761194029851
2018-06-29,ensemble,10,long_short,0.010189727499366483,0.008218463131550391,1.971264367816092
2018-07-31,ensemble,10,long_short,0.05124319378733305,0.04920296390227558,2.0402298850574714
2018-08-31,ensemble,10,long_short,-0.015860683090820456,-0.018130144168664767,2.269461077844311
2018-09-28,ensemble,10,long_short,-0.038466918288892656,-0.040431415330312775,1.9644970414201184
2018-10-31,ensemble,10,long_short,0.01571188811851173,0.013469284568215872,2.2426035502958577
2018-11-30,ensemble,10,long_short,-0.08717316076174332,-0.08951244647602903,2.3392857142857144
2018-12-31,ensemble,10,long_short,0.06105437279786434,0.05866998841347996,2.3843843843843846
2019-01-31,ensemble,10,long_short,0.022202586578902166,0.019511895888211474,2.690690690690691
2019-02-28,ensemble,10,long_short,-0.026042109355323338,-0.028202109355323336,2.16
2019-03-29,ensemble,10,long_short,0.02461429568453452,0.022529447199686036,2.084848484848485
2019-04-30,ensemble,10,long_short,-0.03862579650801865,-0.04068640256862471,2.0606060606060606
2019-05-31,ensemble,10,long_short,0.0713157153548935,0.06914340766258581,2.172307692307692
2019-06-28,ensemble,10,long_short,0.026352810299633555,0.023819876167897026,2.532934131736527
2019-07-31,ensemble,10,long_short,-0.0384963873739933,-0.040879620906927434,2.383233532934132
2019-08-30,ensemble,10,long_short,0.017431617240634304,0.014905301451160619,2.5263157894736845
2019-09-30,ensemble,10,long_short,0.05054923183274425,0.04833870551695477,2.210526315789474
2019-10-31,ensemble,10,long_short,-0.009351211239647746,-0.011667000713331956,2.3157894736842106
2019-11-29,ensemble,10,long_short,-0.004177191235772623,-0.006402191235772623,2.225
2019-12-31,ensemble,10,long_short,0.005134738546222932,0.002800410188013977,2.334328358208955
2020-01-31,ensemble,10,long_short,-0.07502253173054511,-0.07742253173054511,2.4
2020-03-31,ensemble,10,long_short,0.28522870756019814,0.28249218061409037,2.7365269461077846
2020-04-30,ensemble,10,long_short,0.010039450646943403,0.007166723374216131,2.8727272727272726
2020-05-29,ensemble,10,long_short,0.011394884040900088,0.009098587744603792,2.2962962962962963
2020-06-30,ensemble,10,long_short,0.029625116574607847,0.027654702373424416,1.970414201183432
2020-07-31,ensemble,10,long_short,0.04869480824307292,0.04661788516614984,2.076923076923077
2020-08-31,ensemble,10,long_short,-0.029903542587738453,-0.031987374923067795,2.0838323353293413
2020-09-30,ensemble,10,long_short,0.03529471649122701,0.033402500922364735,1.8922155688622755
2020-10-30,ensemble,10,long_short,0.08248733359877515,0.08041482604590507,2.0725075528700905
2020-11-30,ensemble,10,long_short,0.04796914810999909,0.04591083907209821,2.0583090379008744
2020-12-31,ensemble,10,long_short,0.02993097734986558,0.027914264257943574,2.0167130919220053
2021-01-29,ensemble,10,long_short,0.07710893617221966,0.07460893617221966,2.5
2021-02-26,ensemble,10,long_short,0.009767369114704784,0.008116327448038117,1.6510416666666667
2021-03-31,ensemble,10,long_short,0.02307629507850941,0.021412212391170908,1.664082687338501
2021-04-30,ensemble,10,long_short,0.019738704680852464,0.01807462199351396,1.6640826873385013
2021-05-28,ensemble,10,long_short,0.008680117709807623,0.0068595372348735865,1.8205804749340369
2021-06-30,ensemble,10,long_short,0.04539050847682151,0.0437396356588664,1.6508728179551122
2021-07-30,ensemble,10,long_short,-0.00581709518187437,-0.007448017875141203,1.6309226932668328
2021-08-31,ensemble,10,long_short,0.002501268937196626,0.0007353114903881153,1.7659574468085106
2021-09-30,ensemble,10,long_short,0.02966650130571117,0.028208606568869064,1.4578947368421051
2021-10-29,ensemble,10,long_short,0.02338097253282043,0.02188097253282043,1.5
2021-11-30,ensemble,10,long_short,0.062062476413915074,0.060293447542524,1.769028871391076
2021-12-31,ensemble,10,long_short,0.031720333455393185,0.03005887512205985,1.6614583333333333
2022-01-31,ensemble,10,long_short,-0.019362958072243593,-0.021930666405576928,2.5677083333333335
2022-02-28,ensemble,10,long_short,0.02805317420337004,0.02573296422961676,2.320209973753281
2022-03-31,ensemble,10,long_short,0.044973259024002926,0.04251776164180397,2.455497382198953
2022-04-29,ensemble,10,long_short,-0.04166741101052062,-0.04430091886392376,2.6335078534031413
2022-05-31,ensemble,10,long_short,-0.005342958317249153,-0.007903605217518695,2.560646900269542
2022-06-30,ensemble,10,long_short,0.07209774462972754,0.06959639692083266,2.501347708894879
2022-07-29,ensemble,10,long_short,0.0035318176708101327,0.0007790704180628801,2.7527472527472527
2022-08-31,ensemble,10,long_short,-0.004120223975516783,-0.00669812765823633,2.5779036827195467
2022-09-30,ensemble,10,long_short,0.036269918627661615,0.03409994695627351,2.169971671388102
2022-10-31,ensemble,10,long_short,-0.001576837177114535,-0.004083959684237042,2.507122507122507
2022-11-30,ensemble,10,long_short,-0.01020080224064806,-0.01279739314973897,2.596590909090909
2022-12-30,ensemble,10,long_short,0.10671863848732242,0.1043432883472664,2.3753501400560224
2023-01-31,ensemble,10,long_short,-0.03283626334673179,-0.03546467864727824,2.628415300546448
2023-02-28,ensemble,10,long_short,-0.014810617622504539,-0.01701826789572858,2.2076502732240435
2023-03-31,ensemble,10,long_short,-0.05010462975393829,-0.05240406478218688,2.2994350282485874
2023-04-28,ensemble,10,long_short,0.03142163496612816,0.029513588989116667,1.9080459770114941
2023-05-31,ensemble,10,long_short,0.0563009823198377,0.054206864672778875,2.0941176470588236
2023-06-30,ensemble,10,long_short,0.054374744578084645,0.05230675590952941,2.0679886685552407
2023-07-31,ensemble,10,long_short,-0.037645047351948006,-0.039690373130984835,2.045325779036827
2023-08-31,ensemble,10,long_short,-0.07173428686502813,-0.07386878978900474,2.1345029239766085
2023-09-29,ensemble,10,long_short,-0.07482812812990493,-0.0767806503850978,1.9525222551928783
2023-10-31,ensemble,10,long_short,0.10188135967599414,0.09986312259392727,2.0182370820668694
2016-01-29,ensemble,20,long_short,0.00022101221021028348,-0.0037789877897897164,2.0
2016-02-29,ensemble,20,long_short,-0.010726695232415234,-0.01536867054105721,2.3209876543209877
2016-03-31,ensemble,20,long_short,-0.0030270587214506883,-0.0075805178409475435,2.2767295597484276
2016-04-29,ensemble,20,long_short,-0.0004589947445635761,-0.004886667700538419,2.2138364779874213
2016-05-31,ensemble,20,long_short,0.007845723296012626,0.003484352579501723,2.1806853582554515
2016-06-30,ensemble,20,long_short,0.017831911823776598,0.013590947968354911,2.1204819277108435
2016-07-29,ensemble,20,long_short,0.012188909089923294,0.007923848848959438,2.132530120481928
2016-08-31,ensemble,20,long_short,0.031004333975967573,0.026843343263893267,2.0804953560371517
2016-09-30,ensemble,20,long_short,-0.02035291481954226,-0.02402162647598398,1.8343558282208587
2016-10-31,ensemble,20,long_short,0.07556539695013349,0.07141815768632981,2.0736196319018405
2016-11-30,ensemble,20,long_short,-0.0067244027473065985,-0.011263324902995222,2.269461077844311
2016-12-30,ensemble,20,long_short,-0.01426536783299762,-0.01826536783299762,2.0
2017-01-31,ensemble,20,long_short,0.01639783635859509,0.011941696007717897,2.2280701754385968
2017-02-28,ensemble,20,long_short,-0.027442822084222007,-0.03167036699440165,2.1137724550898205
2017-03-31,ensemble,20,long_short,0.021916053429079412,0.017484915704528516,2.215568862275449
2017-04-28,ensemble,20,long_short,-0.019488624653124897,-0.023991618665100946,2.251497005988024
2017-05-31,ensemble,20,long_short,0.03994134053441755,0.035600915002502655,2.1702127659574466
2017-06-30,ensemble,20,long_short,-0.0068859955504328475,-0.011369771361642286,2.24188790560472
2017-07-31,ensemble,20,long_short,0.00731089468209126,0.0031693017617372777,2.0707964601769913
2017-08-31,ensemble,20,long_short,0.04419313015164673,0.03961644303508231,2.2883435582822087
2017-09-29,ensemble,20,long_short,-0.011997810540659204,-0.016021906926201375,2.0120481927710845
2017-10-31,ensemble,20,long_short,0.026978465561296672,0.02283388724804366,2.072289156626506
2017-11-30,ensemble,20,long_short,-0.018123612838584303,-0.02275834337750646,2.317365269461078
2017-12-29,ensemble,20,long_short,0.025456575785001757,0.02138701056761045,2.0347826086956524
2018-01-31,ensemble,20,long_short,0.00033493381680765085,-0.0049636169078300305,2.6492753623188405
2018-02-28,ensemble,20,long_short,0.010420772616283103,0.005862633081399382,2.2790697674418605
2018-03-29,ensemble,20,long_short,0.03062798392829446,0.025949621355195046,2.3391812865497075
2018-04-30,ensemble,20,long_short,0.05234931740593943,0.04833744796973764,2.00593471810089
2018-05-31,ensemble,20,long_short,0.0044096033518548055,0.00031408096379510406,2.047761194029851
2018-06-29,ensemble,20,long_short,0.010189727499366483,0.006247198763734299,1.971264367816092
2018-07-31,ensemble,20,long_short,0.05124319378733305,0.04716273401721811,2.0402298850574714
2018-08-31,ensemble,20,long_short,-0.015860683090820456,-0.020399605246509078,2.269461077844311
2018-09-28,ensemble,20,long_short,-0.038466918288892656,-0.042395912371732895,1.9644970414201184
2018-10-31,ensemble,20,long_short,0.01571188811851173,0.011226681017920013,2.2426035502958577
2018-11-30,ensemble,20,long_short,-0.08717316076174332,-0.09185173219031476,2.3392857142857144
2018-12-31,ensemble,20,long_short,0.06105437279786434,0.05628560402909557,2.3843843843843846
2019-01-31,ensemble,20,long_short,0.022202586578902166,0.016821205197520783,2.690690690690691
2019-02-28,ensemble,20,long_short,-0.026042109355323338,-0.03036210935532334,2.16
2019-03-29,ensemble,20,long_short,0.02461429568453452,0.02044459871483755,2.084848484848485
2019-04-30,ensemble,20,long_short,-0.03862579650801865,-0.042747008629230775,2.0606060606060606
2019-05-31,ensemble,20,long_short,0.0713157153548935,0.06697109997027811,2.172307692307692
2019-06-28,ensemble,20,long_short,0.026352810299633555,0.0212869420361605,2.532934131736527
2019-07-31,ensemble,20,long_short,-0.0384963873739933,-0.04326285443986157,2.383233532934132
2019-08-30,ensemble,20,long_short,0.017431617240634304,0.012378985661686935,2.5263157894736845
2019-09-30,ensemble,20,long_short,0.05054923183274425,0.0461281792011653,2.210526315789474
2019-10-31,ensemble,20,long_short,-0.009351211239647746,-0.013982790187016168,2.3157894736842106
2019-11-29,ensemble,20,long_short,-0.004177191235772623,-0.008627191235772623,2.225
2019-12-31,ensemble,20,long_short,0.005134738546222932,0.0004660818298050217,2.334328358208955
2020-01-31,ensemble,20,long_short,-0.07502253173054511,-0.07982253173054511,2.4
2020-03-31,ensemble,20,long_short,0.28522870756019814,0.27975565366798255,2.7365269461077846
2020-04-30,ensemble,20,long_short,0.010039450646943403,0.0042939961014888586,2.8727272727272726
2020-05-29,ensemble,20,long_short,0.011394884040900088,0.0068022914483074955,2.2962962962962963
2020-06-30,ensemble,20,long_short,0.029625116574607847,0.025684288172240985,1.970414201183432
2020-07-31,ensemble,20,long_short,0.04869480824307292,0.04454096208922677,2.076923076923077
2020-08-31,ensemble,20,long_short,-0.029903542587738453,-0.034071207258397136,2.0838323353293413
2020-09-30,ensemble,20,long_short,0.03529471649122701,0.031510285353502455,1.8922155688622755
2020-10-30,ensemble,20,long_short,0.08248733359877515,0.07834231849303497,2.0725075528700905
2020-11-30,ensemble,20,long_short,0.04796914810999909,0.04385253003419734,2.0583090379008744
2020-12-31,ensemble,20,long_short,0.02993097734986558,0.02589755116602157,2.0167130919220053
2021-01-29,ensemble,20,long_short,0.07710893617221966,0.07210893617221965,2.5
2021-02-26,ensemble,20,long_short,0.009767369114704784,0.00646528578137145,1.6510416666666667
2021-03-31,ensemble,20,long_short,0.02307629507850941,0.01974812970383241,1.664082687338501
2021-04-30,ensemble,20,long_short,0.019738704680852464,0.016410539306175462,1.6640826873385013
2021-05-28,ensemble,20,long_short,0.008680117709807623,0.0050389567599395495,1.8205804749340369
2021-06-30,ensemble,20,long_short,0.04539050847682151,0.04208876284091129,1.6508728179551122
2021-07-30,ensemble,20,long_short,-0.00581709518187437,-0.009078940568408037,1.6309226932668328
2021-08-31,ensemble,20,long_short,0.002501268937196626,-0.0010306459564203953,1.7659574468085106
2021-09-30,ensemble,20,long_short,0.02966650130571117,0.026750711832026958,1.4578947368421051
2021-10-29,ensemble,20,long_short,0.02338097253282043,0.02038097253282043,1.5
2021-11-30,ensemble,20,long_short,0.062062476413915074,0.05852441867113292,1.769028871391076
2021-12-31,ensemble,20,long_short,0.031720333455393185,0.028397416788726516,1.6614583333333333
2022-01-31,ensemble,20,long_short,-0.019362958072243593,-0.02449837473891026,2.5677083333333335
2022-02-28,ensemble,20,long_short,0.02805317420337004,0.023412754255863477,2.320209973753281
2022-03-31,ensemble,20,long_short,0.044973259024002926,0.04006226425960502,2.455497382198953
2022-04-29,ensemble,20,long_short,-0.04166741101052062,-0.0469344267173269,2.6335078534031413
2022-05-31,ensemble,20,long_short,-0.005342958317249153,-0.010464252117788238,2.560646900269542
2022-06-30,ensemble,20,long_short,0.07209774462972754,0.06709504921193778,2.501347708894879
2022-07-29,ensemble,20,long_short,0.0035318176708101327,-0.0019736768346843726,2.7527472527472527
2022-08-31,ensemble,20,long_short,-0.004120223975516783,-0.009276031340955875,2.5779036827195467
2022-09-30,ensemble,20,long_short,0.036269918627661615,0.03192997528488541,2.169971671388102
2022-10-31,ensemble,20,long_short,-0.001576837177114535,-0.006591082191359549,2.507122507122507
2022-11-30,ensemble,20,long_short,-0.01020080224064806,-0.015393984058829878,2.596590909090909
2022-12-30,ensemble,20,long_short,0.10671863848732242,0.10196793820721038,2.3753501400560224
2023-01-31,ensemble,20,long_short,-0.03283626334673179,-0.03809309394782468,2.628415300546448
2023-02-28,ensemble,20,long_short,-0.014810617622504539,-0.019225918168952624,2.2076502732240435
2023-03-31,ensemble,20,long_short,-0.05010462975393829,-0.054703499810435464,2.2994350282485874
2023-04-28,ensemble,20,long_short,0.03142163496612816,0.02760554301210517,1.9080459770114941
2023-05-31,ensemble,20,long_short,0.0563009823198377,0.05211274702572005,2.0941176470588236
2023-06-30,ensemble,20,long_short,0.054374744578084645,0.05023876724097416,2.0679886685552407
2023-07-31,ensemble,20,long_short,-0.037645047351948006,-0.04173569891002166,2.045325779036827
2023-08-31,ensemble,20,long_short,-0.07173428686502813,-0.07600329271298134,2.1345029239766085
2023-09-29,ensemble,20,long_short,-0.07482812812990493,-0.07873317264029069,1.9525222551928783
2023-10-31,ensemble,20,long_short,0.10188135967599414,0.09784488551186041,2.0182370820668694
